case_id,category,subcategory,difficulty,handwriting_profile,stroke_variant,canvas_region,expected_plain_text,expected_latex,raw_detected_output,normalized_detected_output,detected_latex,confidence,recognition_time_ms,exact_match,semantic_match,structure_match,layout_match,symbol_score,structure_score,spatial_score,overall_score,status,error_types,evidence_path,notes
"basic_arithmetic-001","BASIC_ARITHMETIC","single digit","EASY","CLEAN_STUDENT","normal-order","TOP_LEFT","7","7","7","7","7","0.9841","3805","true","true","true","true","1.0","1.0","1.0","0.9992049992084504","PASS","","rendered-inputs",""
"basic_arithmetic-002","BASIC_ARITHMETIC","multi-digit","EASY","FAST_CLASSROOM","reverse-symbol-strokes","TOP_CENTER","108","108","108","108","108","0.8961","2983","true","true","true","true","1.0","1.0","1.0","0.9948049992322923","PASS","","rendered-inputs",""
"basic_arithmetic-003","BASIC_ARITHMETIC","negative","EASY","SMALL_COMPACT","delayed-superscript","TOP_RIGHT","-42","-42","-42","-42","-42","1.0","2717","true","true","true","true","1.0","1.0","1.0","1.0","PASS","","rendered-inputs",""
"basic_arithmetic-004","BASIC_ARITHMETIC","decimal","EASY","LARGE_BOARD","fraction-bar-first","CENTER_LEFT","3.14159","3.14159","3_.14159","3_.14159","3_.14159","1.0","3430","false","false","true","true","0.875","1.0","1.0","0.9240625","PARTIAL","","failures/basic_arithmetic-004.png",""
"basic_arithmetic-005","BASIC_ARITHMETIC","addition","EASY","RIGHT_SLANTED","fraction-bar-last","CENTER","12+8","12+8","12+8","12+8","12+8","1.0","3006","true","true","true","true","1.0","1.0","1.0","1.0","PASS","","rendered-inputs",""
"basic_arithmetic-006","BASIC_ARITHMETIC","subtraction","EASY","LEFT_SLANTED","uneven-spacing","CENTER_RIGHT","95-47","95-47","95-47","95-47","95-47","0.9713","2868","true","true","true","true","1.0","1.0","1.0","0.9985650002956391","PASS","","rendered-inputs",""
"basic_arithmetic-007","BASIC_ARITHMETIC","multiplication","EASY","UNEVEN_BASELINE","tilted-baseline","BOTTOM_LEFT","13*9","13*9","13 \times 9","13*9","13 \times 9","0.8961","2795","true","true","true","true","1.0","1.0","1.0","0.9948049992322923","PASS","","rendered-inputs",""
"basic_arithmetic-008","BASIC_ARITHMETIC","division","EASY","VARIABLE_SPACING","overlap-and-correction","BOTTOM_CENTER","144/12","144/12","144/12","144/12","144/12","0.9841","2628","true","true","true","true","1.0","1.0","1.0","0.9992049992084504","PASS","","rendered-inputs",""
"basic_arithmetic-009","BASIC_ARITHMETIC","implicit multiplication","EASY","HEAVY_PRESSURE","normal-order","BOTTOM_RIGHT","8(4+3)","8(4+3)","8(4+3)","8(4+3)","8(4+3)","0.9841","3003","true","true","true","true","1.0","1.0","1.0","0.9992049992084504","PASS","","rendered-inputs",""
"basic_arithmetic-010","BASIC_ARITHMETIC","percentage","EASY","LIGHT_BROKEN","reverse-symbol-strokes","NEAR_BOUNDARY","25%","25%","25","25","25","0.9841","2277","false","false","true","true","0.6666666666666667","1.0","1.0","0.8542049992084503","WRONG_SYMBOL","","failures/basic_arithmetic-010.png",""
"basic_arithmetic-011","BASIC_ARITHMETIC","ratio","MEDIUM","ROUNDED","delayed-superscript","NEAR_TOOLBAR","3:5","3:5","3:5","3:5","3:5","1.0","2629","true","true","true","true","1.0","1.0","1.0","1.0","PASS","","rendered-inputs",""
"basic_arithmetic-012","BASIC_ARITHMETIC","nested negative","MEDIUM","ANGULAR","fraction-bar-first","TOP_LEFT","18-(-7)","18-(-7)","18-(-7)","18-(-7)","18-(-7)","0.9841","2751","true","true","true","true","1.0","1.0","1.0","0.9992049992084504","PASS","","rendered-inputs",""
"basic_arithmetic-013","BASIC_ARITHMETIC","operator precedence","MEDIUM","CROWDED","fraction-bar-last","TOP_CENTER","12+8*4-6/3","12+8*4-6/3","12+8 \times 4-6/3","12+8*4-6/3","12+8 \times 4-6/3","0.8818135","4075","true","true","true","true","1.0","1.0","1.0","0.9940906763076783","PASS","","rendered-inputs",""
"basic_arithmetic-014","BASIC_ARITHMETIC","grouped division","MEDIUM","WIDELY_SPACED","uneven-spacing","TOP_RIGHT","(36+12)/6","(36+12)/6","(36+12)/6","(36+12)/6","(36+12)/6","0.9841","2913","true","true","true","true","1.0","1.0","1.0","0.9992049992084504","PASS","","rendered-inputs",""
"basic_arithmetic-015","BASIC_ARITHMETIC","square brackets","MEDIUM","OVERWRITTEN_CORRECTION","tilted-baseline","CENTER_LEFT","[14-3]*5","[14-3]*5","[1 \times-3] \times 5","[1*-3]*5","[1 \times-3] \times 5","0.86352646","3978","false","false","true","true","0.875","1.0","1.0","0.9172388231754303","PARTIAL","DIGIT_CONFUSION","failures/basic_arithmetic-015.png",""
"basic_arithmetic-016","BASIC_ARITHMETIC","decimal points","MEDIUM","MIXED_CASE","overlap-and-correction","CENTER","0.006+1.04","0.006+1.04","0_.006+1_.04","0_.006+1_.04","0_.006+1_.04","1.0","3487","false","false","true","true","0.8333333333333334","1.0","1.0","0.90625","PARTIAL","","failures/basic_arithmetic-016.png",""
"basic_arithmetic-017","BASIC_ARITHMETIC","signed multiplication","MEDIUM","UNUSUAL_STROKE_ORDER","normal-order","CENTER_RIGHT","-7*-8","-7*-8","-7x-8","-7x-8","-7x-8","0.88817155","2704","false","false","true","true","0.8","1.0","1.0","0.8894085776805878","PARTIAL","","failures/basic_arithmetic-017.png",""
"basic_arithmetic-018","BASIC_ARITHMETIC","fraction arithmetic","MEDIUM","SLIGHTLY_SHAKY","reverse-symbol-strokes","BOTTOM_LEFT","1/2+3/4","1/2+3/4","1/2+3/4","1/2+3/4","1/2+3/4","0.85151327","3372","true","true","true","true","1.0","1.0","1.0","0.9925756633281708","PASS","","rendered-inputs",""
"basic_arithmetic-019","BASIC_ARITHMETIC","repeated operators","MEDIUM","CLEAN_STUDENT","delayed-superscript","BOTTOM_CENTER","100-99+98-97","100-99+98-97","100-99+98-97","100-99+98-97","100-99+98-97","0.95945996","3295","true","true","true","true","1.0","1.0","1.0","0.9979729980230332","PASS","","rendered-inputs",""
"basic_arithmetic-020","BASIC_ARITHMETIC","nested parentheses","MEDIUM","FAST_CLASSROOM","fraction-bar-first","BOTTOM_RIGHT","2(3+4(5-2))","2(3+4(5-2))","2(3+4(5-2))","2(3+4(5-2))","2(3+4(5-2))","0.9221","3632","true","true","true","true","1.0","1.0","1.0","0.9961050003767015","PASS","","rendered-inputs",""
"basic_arithmetic-021","BASIC_ARITHMETIC","large number","MEDIUM","SMALL_COMPACT","fraction-bar-last","NEAR_BOUNDARY","9999+1","9999+1","9999+1","9999+1","9999+1","0.8961","2515","true","true","true","true","1.0","1.0","1.0","0.9948049992322923","PASS","","rendered-inputs",""
"basic_arithmetic-022","BASIC_ARITHMETIC","scientific arithmetic","MEDIUM","LARGE_BOARD","uneven-spacing","NEAR_TOOLBAR","6.02*10^23","6.02*10^23","6_.02*10^23","6_.02*10^23","6_.02*10^23","0.98786104","3621","false","false","true","true","0.9090909090909091","1.0","1.0","0.9380294154990804","PARTIAL","","failures/basic_arithmetic-022.png",""
"basic_arithmetic-023","BASIC_ARITHMETIC","zero division numerator","HARD","RIGHT_SLANTED","tilted-baseline","TOP_LEFT","0/7","0/7","0.17","0.17","0.17","0.87689614","2666","false","false","false","false","0.5","0.0","0.0","0.2575948071479797","WRONG_STRUCTURE","DIGIT_CONFUSION|FRACTION_MISREAD","failures/basic_arithmetic-023.png",""
"basic_arithmetic-024","BASIC_ARITHMETIC","decimal alignment","HARD","LEFT_SLANTED","overlap-and-correction","TOP_CENTER","7.0-0.07","7.0-0.07","7_.0-0_.07","7_.0-0_.07","7_.0-0_.07","0.95995367","3542","false","false","true","true","0.8","1.0","1.0","0.8929976832866668","PARTIAL","","failures/basic_arithmetic-024.png",""
"basic_arithmetic-025","BASIC_ARITHMETIC","operator associativity","HARD","UNEVEN_BASELINE","normal-order","TOP_RIGHT","1-2-3-4","1-2-3-4","1-2-3-4","1-2-3-4","1-2-3-4","0.9841","3464","true","true","true","true","1.0","1.0","1.0","0.9992049992084504","PASS","","rendered-inputs",""
"basic_arithmetic-026","BASIC_ARITHMETIC","repeated minus","HARD","VARIABLE_SPACING","reverse-symbol-strokes","CENTER_LEFT","2--3","2--3","2-3","2-3","2-3","0.80290616","2488","false","false","true","true","0.75","1.0","1.0","0.870145307779312","PARTIAL","","failures/basic_arithmetic-026.png",""
"basic_arithmetic-027","BASIC_ARITHMETIC","repeated division","HARD","HEAVY_PRESSURE","delayed-superscript","CENTER","8/4/2","8/4/2","8/4/2","8/4/2","8/4/2","0.9841","2888","true","true","true","true","1.0","1.0","1.0","0.9992049992084504","PASS","","rendered-inputs",""
"basic_arithmetic-028","BASIC_ARITHMETIC","adjacent groups","HARD","LIGHT_BROKEN","fraction-bar-first","CENTER_RIGHT","(1+2)(3+4)","(1+2)(3+4)","(1+2)(3+4)","(1+2)(3+4)","(1+2)(3+4)","0.93865997","3308","true","true","true","true","1.0","1.0","1.0","0.9969329982995988","PASS","","rendered-inputs",""
"basic_arithmetic-029","BASIC_ARITHMETIC","decimal percentage","HARD","ROUNDED","fraction-bar-last","BOTTOM_LEFT","12.5%","12.5%","12_.5","12_.5","12_.5","1.0","2574","false","false","true","true","0.6","1.0","1.0","0.835","WRONG_SYMBOL","","failures/basic_arithmetic-029.png",""
"basic_arithmetic-030","BASIC_ARITHMETIC","ratio equation","HARD","ANGULAR","uneven-spacing","BOTTOM_CENTER","5:7=10:14","5:7=10:14","5:7=10:14","5:7=10:14","5:7=10:14","0.9841","3150","true","true","true","true","1.0","1.0","1.0","0.9992049992084504","PASS","","rendered-inputs",""
"basic_arithmetic-031","BASIC_ARITHMETIC","thousands separators","HARD","CROWDED","tilted-baseline","BOTTOM_RIGHT","1,024+2,048","1,024+2,048","1_.024+2_.048","1_.024+2_.048","1_.024+2_.048","1.0","3326","false","false","true","true","0.6923076923076923","1.0","1.0","0.8626923076923076","WRONG_SYMBOL","","failures/basic_arithmetic-031.png",""
"basic_arithmetic-032","BASIC_ARITHMETIC","repeating decimal","HARD","WIDELY_SPACED","overlap-and-correction","NEAR_BOUNDARY","0.333...","0.333...","0_.333_(...)","0_.333_(...)","0_.333_(...)","1.0","3869","false","false","true","true","0.8","1.0","1.0","0.895","PARTIAL","","failures/basic_arithmetic-032.png",""
"basic_arithmetic-033","BASIC_ARITHMETIC","absolute number","HARD","OVERWRITTEN_CORRECTION","normal-order","NEAR_TOOLBAR","","","","","","","0","false","false","false","false","0.0","0.0","0.0","0.0","MANUAL_REVIEW_REQUIRED","","failures/basic_arithmetic-033.png","The automated stroke alphabet cannot represent this case faithfully; execute in manual Mode B."
"basic_arithmetic-034","BASIC_ARITHMETIC","factorial arithmetic","HARD","MIXED_CASE","reverse-symbol-strokes","TOP_LEFT","3!+4!","3!+4!","3!+4!","3!+4!","3!+4!","0.8961","3573","true","true","true","true","1.0","1.0","1.0","0.9948049992322923","PASS","","rendered-inputs",""
"basic_arithmetic-035","BASIC_ARITHMETIC","numeric power","EXTREME","UNUSUAL_STROKE_ORDER","delayed-superscript","TOP_CENTER","2^10","2^10","2^70","2^70","2^70","0.81668","4115","false","false","true","true","0.75","1.0","1.0","0.8708340007066725","PARTIAL","DIGIT_CONFUSION","failures/basic_arithmetic-035.png","Image pass unavailable; result uses digital ink and parser evidence."
"basic_arithmetic-036","BASIC_ARITHMETIC","numeric root","EXTREME","SLIGHTLY_SHAKY","fraction-bar-first","TOP_RIGHT","sqrt(144)","sqrt(144)","55+ \frac{5}{2}44","55+((5)/(2))44","55+ \frac{5}{2}44","0.6489037","4383","false","false","false","false","0.1428571428571429","0.0","0.0","0.09351661494800026","WRONG_STRUCTURE","DIGIT_CONFUSION|LETTER_CONFUSION|ROOT_SCOPE_ERROR","failures/basic_arithmetic-036.png","Low-confidence interpretation; choose an alternative or edit before insertion."
"basic_arithmetic-037","BASIC_ARITHMETIC","long sum","EXTREME","CLEAN_STUDENT","fraction-bar-last","CENTER_LEFT","1+2+3+4+5+6+7+8","1+2+3+4+5+6+7+8","1+2+3+4+5+6+7+8","1+2+3+4+5+6+7+8","1+2+3+4+5+6+7+8","1.0","5419","true","true","true","true","1.0","1.0","1.0","1.0","PASS","","rendered-inputs",""
"basic_arithmetic-038","BASIC_ARITHMETIC","deep grouping","EXTREME","FAST_CLASSROOM","uneven-spacing","CENTER","48/(3*(2+6))","48/(3*(2+6))","48/(3 \times(2+6))","48/(3*(2+6))","48/(3 \times(2+6))","0.8961","4103","true","true","true","true","1.0","1.0","1.0","0.9948049992322923","PASS","","rendered-inputs",""
"basic_arithmetic-039","BASIC_ARITHMETIC","missing operand","EXTREME","SMALL_COMPACT","tilted-baseline","CENTER_RIGHT","7+?=12","7+?=12","7+=12","7+=12","7+=12","1.0","2806","false","false","true","true","0.8333333333333334","1.0","1.0","0.90625","PARTIAL","","failures/basic_arithmetic-039.png",""
"basic_arithmetic-040","BASIC_ARITHMETIC","incorrect written equality","EXTREME","LARGE_BOARD","overlap-and-correction","BOTTOM_LEFT","9-4=6","9-4=6","9-4=6","9-4=6","9-4=6","0.99689996","2893","true","true","true","true","1.0","1.0","1.0","0.9998449981212617","PASS","","rendered-inputs",""
"algebraic_expressions-001","ALGEBRAIC_EXPRESSIONS","linear","EASY","CLEAN_STUDENT","normal-order","TOP_LEFT","3x+5","3x+5","3x+5","3x+5","3x+5","1.0","2721","true","true","true","true","1.0","1.0","1.0","1.0","PASS","","rendered-inputs",""
"algebraic_expressions-002","ALGEBRAIC_EXPRESSIONS","two variables","EASY","FAST_CLASSROOM","reverse-symbol-strokes","TOP_CENTER","7a-2b","7a-2b","7a-2b","7a-2b","7a-2b","0.8827707","2973","true","true","true","true","1.0","1.0","1.0","0.9941385358572007","PASS","","rendered-inputs",""
"algebraic_expressions-003","ALGEBRAIC_EXPRESSIONS","quadratic","EASY","SMALL_COMPACT","delayed-superscript","TOP_RIGHT","4x^2+3x-9","4x^2+3x-9","4X^{2}+3X-9","4X^(2)+3X-9","4X^{2}+3X-9","0.9311","3777","true","true","true","true","1.0","1.0","1.0","0.9965550005435945","PASS","","rendered-inputs",""
"algebraic_expressions-004","ALGEBRAIC_EXPRESSIONS","factorized","EASY","LARGE_BOARD","fraction-bar-first","CENTER_LEFT","(x+2)(x-5)","(x+2)(x-5)","(x+2)(x-5)","(x+2)(x-5)","(x+2)(x-5)","0.9481178","3446","true","true","true","true","1.0","1.0","1.0","0.9974058896303177","PASS","","rendered-inputs",""
"algebraic_expressions-005","ALGEBRAIC_EXPRESSIONS","distribution","EASY","RIGHT_SLANTED","fraction-bar-last","CENTER","a(b+c)-d","a(b+c)-d","a+b+c \geq-a","a+b+c>=-a","a+b+c \geq-a","0.82336235","3667","false","false","true","true","0.5555555555555556","1.0","1.0","0.8128347841898601","WRONG_SYMBOL","LETTER_CONFUSION","failures/algebraic_expressions-005.png",""
"algebraic_expressions-006","ALGEBRAIC_EXPRESSIONS","absolute value","EASY","LEFT_SLANTED","uneven-spacing","CENTER_RIGHT","","","","","","","0","false","false","false","false","0.0","0.0","0.0","0.0","MANUAL_REVIEW_REQUIRED","","failures/algebraic_expressions-006.png","The automated stroke alphabet cannot represent this case faithfully; execute in manual Mode B."
"algebraic_expressions-007","ALGEBRAIC_EXPRESSIONS","binomial power","EASY","UNEVEN_BASELINE","tilted-baseline","BOTTOM_LEFT","(x+y)^2","(x+y)^2","(x+y)^?","(x+y)^?","(x+y)^?","0.356","2957","false","false","true","true","0.8571428571428572","1.0","1.0","0.8842285717385155","PARTIAL","DIGIT_CONFUSION|LOW_CONFIDENCE","failures/algebraic_expressions-007.png",""
"algebraic_expressions-008","ALGEBRAIC_EXPRESSIONS","identity","EASY","VARIABLE_SPACING","overlap-and-correction","BOTTOM_CENTER","a^2-b^2=(a-b)(a+b)","a^2-b^2=(a-b)(a+b)","a^2-b^2=(a-b)(a+b)","a^2-b^2=(a-b)(a+b)","a^2-b^2=(a-b)(a+b)","0.9311","4983","true","true","true","true","1.0","1.0","1.0","0.9965550005435945","PASS","","rendered-inputs",""
"algebraic_expressions-009","ALGEBRAIC_EXPRESSIONS","nested brackets","EASY","HEAVY_PRESSURE","normal-order","BOTTOM_RIGHT","2[x-3(y+1)]","2[x-3(y+1)]","2[X-3(Y+1)]","2[X-3(Y+1)]","2[X-3(Y+1)]","0.8961","3875","true","true","true","true","1.0","1.0","1.0","0.9948049992322923","PASS","","rendered-inputs",""
"algebraic_expressions-010","ALGEBRAIC_EXPRESSIONS","implicit products","EASY","LIGHT_BROKEN","reverse-symbol-strokes","NEAR_BOUNDARY","xy+yz+zx","xy+yz+zx","XY+YZ+ZX","XY+YZ+ZX","XY+YZ+ZX","0.84677076","3026","true","true","true","true","1.0","1.0","1.0","0.992338538169861","PASS","","rendered-inputs",""
"algebraic_expressions-011","ALGEBRAIC_EXPRESSIONS","cubic","MEDIUM","ROUNDED","delayed-superscript","NEAR_TOOLBAR","5m^3-2m+1","5m^3-2m+1","5M^{3}-2M+1","5M^(3)-2M+1","5M^{3}-2M+1","0.9311","3730","true","true","true","true","1.0","1.0","1.0","0.9965550005435945","PASS","","rendered-inputs",""
"algebraic_expressions-012","ALGEBRAIC_EXPRESSIONS","letter ambiguity","MEDIUM","ANGULAR","fraction-bar-first","TOP_LEFT","p(q-r)+s","p(q-r)+s","p(-r)+s","p(-r)+s","p(-r)+s","0.8959505","3213","false","false","true","true","0.875","1.0","1.0","0.9188600248098373","PARTIAL","LETTER_CONFUSION","failures/algebraic_expressions-012.png",""
"algebraic_expressions-013","ALGEBRAIC_EXPRESSIONS","z versus two","MEDIUM","CROWDED","fraction-bar-last","TOP_CENTER","z^2+2z+1","z^2+2z+1","z^{2}+2z+1","z^(2)+2z+1","z^{2}+2z+1","0.9311","3651","true","true","true","true","1.0","1.0","1.0","0.9965550005435945","PASS","","rendered-inputs",""
"algebraic_expressions-014","ALGEBRAIC_EXPRESSIONS","l versus one","MEDIUM","WIDELY_SPACED","uneven-spacing","TOP_RIGHT","l^2+1","l^2+1","1^2+1","1^2+1","1^2+1","0.91104615","2890","false","false","true","true","0.8","1.0","1.0","0.8905523073673248","PARTIAL","DIGIT_CONFUSION|LETTER_CONFUSION","failures/algebraic_expressions-014.png",""
"algebraic_expressions-015","ALGEBRAIC_EXPRESSIONS","b versus six","MEDIUM","OVERWRITTEN_CORRECTION","tilted-baseline","CENTER_LEFT","b^2-6b+9","b^2-6b+9","b^2-6b+9","b^2-6b+9","b^2-6b+9","0.8809886","3508","true","true","true","true","1.0","1.0","1.0","0.9940494298934938","PASS","","rendered-inputs",""
"algebraic_expressions-016","ALGEBRAIC_EXPRESSIONS","q versus nine","MEDIUM","MIXED_CASE","overlap-and-correction","CENTER","q^2-9q","q^2-9q","x^2-2x","x^2-2x","x^2-2x","0.7423849","3233","false","false","true","true","0.5","1.0","1.0","0.7921192455291747","WRONG_SYMBOL","DIGIT_CONFUSION|LETTER_CONFUSION","failures/algebraic_expressions-016.png",""
"algebraic_expressions-017","ALGEBRAIC_EXPRESSIONS","S versus five","MEDIUM","UNUSUAL_STROKE_ORDER","normal-order","CENTER_RIGHT","S_5+5S","S_5+5S","5+5","5+5","5+5","0.9221","2650","false","false","false","false","0.5","0.0","0.0","0.25985500037670134","WRONG_STRUCTURE","LETTER_CONFUSION|SUBSCRIPT_MISSED","failures/algebraic_expressions-017.png",""
"algebraic_expressions-018","ALGEBRAIC_EXPRESSIONS","x multiplication ambiguity","MEDIUM","SLIGHTLY_SHAKY","reverse-symbol-strokes","BOTTOM_LEFT","x*x+x","x*x+x","X \times X+X","X*X+X","X \times X+X","0.8961","3522","true","true","true","true","1.0","1.0","1.0","0.9948049992322923","PASS","LETTER_CONFUSION","rendered-inputs",""
"algebraic_expressions-019","ALGEBRAIC_EXPRESSIONS","nested parentheses","MEDIUM","CLEAN_STUDENT","delayed-superscript","BOTTOM_CENTER","(a+(b-c))^2","(a+(b-c))^2","(O+(D-C))^?","(O+(D-C))^?","(O+(D-C))^?","0.587","3868","false","false","true","true","0.7272727272727273","1.0","1.0","0.8525318188017066","WRONG_SYMBOL","DIGIT_CONFUSION|LETTER_CONFUSION","failures/algebraic_expressions-019.png","Low-confidence interpretation; choose an alternative or edit before insertion."
"algebraic_expressions-020","ALGEBRAIC_EXPRESSIONS","quartic","MEDIUM","FAST_CLASSROOM","fraction-bar-first","BOTTOM_RIGHT","x^4-5x^2+4","x^4-5x^2+4","x^{4}-5x^{2}+4","x^(4)-5x^(2)+4","x^{4}-5x^{2}+4","0.9165908","4677","true","true","true","true","1.0","1.0","1.0","0.9958295404911042","PASS","","rendered-inputs",""
"algebraic_expressions-021","ALGEBRAIC_EXPRESSIONS","powered factor","MEDIUM","SMALL_COMPACT","fraction-bar-last","NEAR_BOUNDARY","(2x-3)^3","(2x-3)^3","(2X-3)^3","(2X-3)^3","(2X-3)^3","0.8902363","3850","true","true","true","true","1.0","1.0","1.0","0.994511815905571","PASS","","rendered-inputs",""
"algebraic_expressions-022","ALGEBRAIC_EXPRESSIONS","negative powers","MEDIUM","LARGE_BOARD","uneven-spacing","NEAR_TOOLBAR","x^{-2}+x^{-1}","x^{-2}+x^{-1}","X^{-2}+X^{-1}","X^(-2)+X^(-1)","X^{-2}+X^{-1}","0.9184618","3663","true","true","true","true","1.0","1.0","1.0","0.9959230899810791","PASS","","rendered-inputs",""
"algebraic_expressions-023","ALGEBRAIC_EXPRESSIONS","symbolic power","HARD","RIGHT_SLANTED","tilted-baseline","TOP_LEFT","a^{m+n}","a^{m+n}","a^{n+n}","a^(n+n)","a^{n+n}","0.8734875","3193","false","false","true","true","0.8","1.0","1.0","0.888674373626709","PARTIAL","LETTER_CONFUSION","failures/algebraic_expressions-023.png",""
"algebraic_expressions-024","ALGEBRAIC_EXPRESSIONS","indexed terms","HARD","LEFT_SLANTED","overlap-and-correction","TOP_CENTER","x_1+x_2+x_3","x_1+x_2+x_3","X_{1}+X_{2}+X_{3}","X_1+X_2+X_3","X_{1}+X_{2}+X_{3}","0.8961","4929","true","true","true","true","1.0","1.0","1.0","0.9948049992322923","PASS","","rendered-inputs",""
"algebraic_expressions-025","ALGEBRAIC_EXPRESSIONS","sequence","HARD","UNEVEN_BASELINE","normal-order","TOP_RIGHT","a_n=a_1+(n-1)d","a_n=a_1+(n-1)d","a_n=a_{1}+(n-1)a","a_n=a_1+(n-1)a","a_n=a_{1}+(n-1)a","0.8394914","4339","false","false","true","true","0.9285714285714286","1.0","1.0","0.9389388570615222","PARTIAL","LETTER_CONFUSION","failures/algebraic_expressions-025.png",""
"algebraic_expressions-026","ALGEBRAIC_EXPRESSIONS","mixed powers","HARD","VARIABLE_SPACING","reverse-symbol-strokes","CENTER_LEFT","2xy^2-3x^2y","2xy^2-3x^2y","2XY^{2}-3X^{2}Y","2XY^(2)-3X^(2)Y","2XY^{2}-3X^{2}Y","0.9101673","4087","true","true","true","true","1.0","1.0","1.0","0.9955083638429643","PASS","","rendered-inputs",""
"algebraic_expressions-027","ALGEBRAIC_EXPRESSIONS","rational identity","HARD","HEAVY_PRESSURE","delayed-superscript","CENTER","(x^2-y^2)/(x+y)","(x^2-y^2)/(x+y)","(x^2-y^2)/(X+Y)","(x^2-y^2)/(X+Y)","(x^2-y^2)/(X+Y)","0.31936","4030","true","true","true","true","1.0","1.0","1.0","0.9659679993987084","PASS","LOW_CONFIDENCE","rendered-inputs",""
"algebraic_expressions-028","ALGEBRAIC_EXPRESSIONS","named functions","HARD","LIGHT_BROKEN","fraction-bar-first","CENTER_RIGHT","max(a,b)-min(a,b)","max(a,b)-min(a,b)","Maxco,b)-Minco,DJ","Maxco,b)-Minco,DJ","Maxco,b)-Minco,DJ","0.4854","3616","false","false","true","true","0.6470588235294117","1.0","1.0","0.8233876466225175","WRONG_SYMBOL","LETTER_CONFUSION|LOW_CONFIDENCE","failures/algebraic_expressions-028.png","Low-confidence interpretation; choose an alternative or edit before insertion."
"algebraic_expressions-029","ALGEBRAIC_EXPRESSIONS","piecewise","HARD","ROUNDED","fraction-bar-last","BOTTOM_LEFT","{x+1,x<0;x^2,x>=0}","{x+1,x<0;x^2,x>=0}","\left \{ x+1,x<0;x^2,x>=0 \right \}","\(x+1,x<0;x^2,x>=0\)","\left \{ x+1,x<0;x^2,x>=0 \right \}","0.88963985","5992","false","false","true","true","0.9","1.0","1.0","0.9292319927215577","PARTIAL","LETTER_CONFUSION","failures/algebraic_expressions-029.png",""
"algebraic_expressions-030","ALGEBRAIC_EXPRESSIONS","nested absolute","HARD","ANGULAR","uneven-spacing","BOTTOM_CENTER","","","","","","","0","false","false","false","false","0.0","0.0","0.0","0.0","MANUAL_REVIEW_REQUIRED","","failures/algebraic_expressions-030.png","The automated stroke alphabet cannot represent this case faithfully; execute in manual Mode B."
"algebraic_expressions-031","ALGEBRAIC_EXPRESSIONS","fractional base power","HARD","CROWDED","tilted-baseline","BOTTOM_RIGHT","(a/b)^n","(a/b)^n","(a/b)^{n}","(a/b)^(n)","(a/b)^{n}","0.8736372","3021","true","true","true","true","1.0","1.0","1.0","0.9936818599700928","PASS","","rendered-inputs",""
"algebraic_expressions-032","ALGEBRAIC_EXPRESSIONS","nested rational","HARD","WIDELY_SPACED","overlap-and-correction","NEAR_BOUNDARY","(x+1/x)^2","(x+1/x)^2","(x+1/x)^{2}","(x+1/x)^(2)","(x+1/x)^{2}","0.9311","3436","true","true","true","true","1.0","1.0","1.0","0.9965550005435945","PASS","","rendered-inputs",""
"algebraic_expressions-033","ALGEBRAIC_EXPRESSIONS","mixed case","HARD","OVERWRITTEN_CORRECTION","normal-order","NEAR_TOOLBAR","A(B+C)-AB","A(B+C)-AB","( \lambda C)-","(lambdaC)-","( \lambda C)-","0.69443446","2695","false","false","true","true","0.30000000000000004","1.0","1.0","0.7297217231988907","WRONG_SYMBOL","LETTER_CONFUSION","failures/algebraic_expressions-033.png",""
"algebraic_expressions-034","ALGEBRAIC_EXPRESSIONS","Greek names","HARD","MIXED_CASE","reverse-symbol-strokes","TOP_LEFT","alpha*x+beta","alpha*x+beta","a+b","a+b","a+b","0.6484669","2615","false","false","true","true","0.25","1.0","1.0","0.7124233442544936","WRONG_SYMBOL","LETTER_CONFUSION","failures/algebraic_expressions-034.png","Low-confidence interpretation; choose an alternative or edit before insertion."
"algebraic_expressions-035","ALGEBRAIC_EXPRESSIONS","wide spacing","EXTREME","UNUSUAL_STROKE_ORDER","delayed-superscript","TOP_CENTER","x^2 +  y^2","x^2 +  y^2","x^2+y^2","x^2+y^2","x^2+y^2","0.4192","3389","true","true","true","true","1.0","1.0","1.0","0.9709600001573563","PASS","LOW_CONFIDENCE","rendered-inputs",""
"algebraic_expressions-036","ALGEBRAIC_EXPRESSIONS","crowded terms","EXTREME","SLIGHTLY_SHAKY","fraction-bar-first","TOP_RIGHT","x^2+y^2+2xy","x^2+y^2+2xy","x^{2}+y^{2}+2xy","x^(2)+y^(2)+2xy","x^{2}+y^{2}+2xy","0.8830568","4187","true","true","true","true","1.0","1.0","1.0","0.9941528409719468","PASS","","rendered-inputs",""
"algebraic_expressions-037","ALGEBRAIC_EXPRESSIONS","transformation","EXTREME","CLEAN_STUDENT","fraction-bar-last","CENTER_LEFT","(x+3)^2 -> x^2+6x+9","(x+3)^2 -> x^2+6x+9","(x+3)^2->x^2+6x+0","(x+3)^2->x^2+6x+0","(x+3)^2->x^2+6x+0","0.80467993","5305","false","false","true","true","0.9411764705882353","1.0","1.0","0.9425869376869761","PARTIAL","DIGIT_CONFUSION","failures/algebraic_expressions-037.png",""
"algebraic_expressions-038","ALGEBRAIC_EXPRESSIONS","overwritten correction","EXTREME","FAST_CLASSROOM","uneven-spacing","CENTER","x+~~3~~4","x+~~3~~4","x+34","x+34","x+34","0.97581196","2700","false","false","true","true","0.5","1.0","1.0","0.8037905979156493","WRONG_SYMBOL","","failures/algebraic_expressions-038.png",""
"algebraic_expressions-039","ALGEBRAIC_EXPRESSIONS","multiline expression","EXTREME","SMALL_COMPACT","tilted-baseline","CENTER_RIGHT","2x+3y\n-4x+y","2x+3y\n-4x+y","2X+3Y;-4X+Y","2X+3Y;-4X+Y","2X+3Y;-4X+Y","1.0","5743","false","false","true","true","0.9090909090909091","1.0","1.0","0.9386363636363637","PARTIAL","","failures/algebraic_expressions-039.png","Recognized as 2 spatially separate equation lines."
"algebraic_expressions-040","ALGEBRAIC_EXPRESSIONS","redundant grouping","EXTREME","LARGE_BOARD","overlap-and-correction","BOTTOM_LEFT","((((x+1))))","((((x+1))))","((((X+1))))","((((X+1))))","((((X+1))))","0.674944","3200","true","true","true","true","1.0","1.0","1.0","0.9837471991777421","PASS","","rendered-inputs",""
"equations_inequalities-001","EQUATIONS_INEQUALITIES","linear equation","EASY","CLEAN_STUDENT","normal-order","TOP_LEFT","2x+5=17","2x+5=17","2x+5=17","2x+5=17","2x+5=17","0.95251596","3079","true","true","true","true","1.0","1.0","1.0","0.9976257979869844","PASS","","rendered-inputs",""
"equations_inequalities-002","EQUATIONS_INEQUALITIES","two-sided linear","EASY","FAST_CLASSROOM","reverse-symbol-strokes","TOP_CENTER","3x-7=2x+8","3x-7=2x+8","3X-7=2X+8","3X-7=2X+8","3X-7=2X+8","0.87535876","3622","true","true","true","true","1.0","1.0","1.0","0.9937679380178452","PASS","","rendered-inputs",""
"equations_inequalities-003","EQUATIONS_INEQUALITIES","quadratic","EASY","SMALL_COMPACT","delayed-superscript","TOP_RIGHT","x^2-5x+6=0","x^2-5x+6=0","x^{2}-5x+6=0","x^(2)-5x+6=0","x^{2}-5x+6=0","0.9311","4692","true","true","true","true","1.0","1.0","1.0","0.9965550005435945","PASS","","rendered-inputs",""
"equations_inequalities-004","EQUATIONS_INEQUALITIES","cubic","EASY","LARGE_BOARD","fraction-bar-first","CENTER_LEFT","x^3-4x=0","x^3-4x=0","x^{3}-4x=0","x^(3)-4x=0","x^{3}-4x=0","0.9311","4228","true","true","true","true","1.0","1.0","1.0","0.9965550005435945","PASS","","rendered-inputs",""
"equations_inequalities-005","EQUATIONS_INEQUALITIES","fraction equation","EASY","RIGHT_SLANTED","fraction-bar-last","CENTER","(x+1)/3=(2x-5)/7","(x+1)/3=(2x-5)/7","(x+1)/3=(2x-5)/7","(x+1)/3=(2x-5)/7","(x+1)/3=(2x-5)/7","0.8961","4921","true","true","true","true","1.0","1.0","1.0","0.9948049992322923","PASS","","rendered-inputs",""
"equations_inequalities-006","EQUATIONS_INEQUALITIES","radical equation","EASY","LEFT_SLANTED","uneven-spacing","CENTER_RIGHT","sqrt(x+4)=x-2","sqrt(x+4)=x-2","s \cap t(X+4)=X-2","s\capt(X+4)=X-2","s \cap t(X+4)=X-2","0.76195616","4786","false","false","false","false","0.7333333333333334","0.5","0.0","0.5015978077650071","WRONG_LAYOUT","LETTER_CONFUSION|ROOT_SCOPE_ERROR","failures/equations_inequalities-006.png",""
"equations_inequalities-007","EQUATIONS_INEQUALITIES","double inequality","EASY","UNEVEN_BASELINE","tilted-baseline","BOTTOM_LEFT","2<x<=9","2<x<=9","2<x<=9","2<x<=9","2<x<=9","0.8961","3675","true","true","true","true","1.0","1.0","1.0","0.9948049992322923","PASS","","rendered-inputs",""
"equations_inequalities-008","EQUATIONS_INEQUALITIES","mixed inequality","EASY","VARIABLE_SPACING","overlap-and-correction","BOTTOM_CENTER","-3<=2x+1<7","-3<=2x+1<7","-3<=2x+1<7","-3<=2x+1<7","-3<=2x+1<7","0.95945996","4033","true","true","true","true","1.0","1.0","1.0","0.9979729980230332","PASS","","rendered-inputs",""
"equations_inequalities-009","EQUATIONS_INEQUALITIES","two-equation system","EASY","HEAVY_PRESSURE","normal-order","BOTTOM_RIGHT","x+y=10\n2x-y=3","x+y=10\n2x-y=3","x+y=10;2x-y=3","x+y=10;2x-y=3","x+y=10;2x-y=3","0.8961","6505","false","false","false","true","0.9230769230769231","0.6666666666666666","1.0","0.8394203838476768","PARTIAL","","failures/equations_inequalities-009.png","Recognized as 2 spatially separate equation lines."
"equations_inequalities-010","EQUATIONS_INEQUALITIES","three-equation system","EASY","LIGHT_BROKEN","reverse-symbol-strokes","NEAR_BOUNDARY","x+y+z=6\n2x-y+z=3\nx+2y-z=4","x+y+z=6\n2x-y+z=3\nx+2y-z=4","","","","","11566","false","false","false","false","0.0","0.0","0.0","0.0","TIMEOUT","TIMEOUT","failures/equations_inequalities-010.png",""
"equations_inequalities-011","EQUATIONS_INEQUALITIES","absolute equation","MEDIUM","ROUNDED","delayed-superscript","NEAR_TOOLBAR","","","","","","","0","false","false","false","false","0.0","0.0","0.0","0.0","MANUAL_REVIEW_REQUIRED","","failures/equations_inequalities-011.png","The automated stroke alphabet cannot represent this case faithfully; execute in manual Mode B."
"equations_inequalities-012","EQUATIONS_INEQUALITIES","implicit equation","MEDIUM","ANGULAR","fraction-bar-first","TOP_LEFT","x^2+y^2=25","x^2+y^2=25","x^{2}+y^{2}=25","x^(2)+y^(2)=25","x^{2}+y^{2}=25","0.9206679","3808","true","true","true","true","1.0","1.0","1.0","0.9960333943367005","PASS","","rendered-inputs",""
"equations_inequalities-013","EQUATIONS_INEQUALITIES","nonlinear system","MEDIUM","CROWDED","fraction-bar-last","TOP_CENTER","xy=12,x+y=7","xy=12,x+y=7","xy=12,x+y=7","xy=12,x+y=7","xy=12,x+y=7","0.8350809","4080","true","true","true","true","1.0","1.0","1.0","0.9917540460824967","PASS","","rendered-inputs",""
"equations_inequalities-014","EQUATIONS_INEQUALITIES","not equal","MEDIUM","WIDELY_SPACED","uneven-spacing","TOP_RIGHT","x!=4","x!=4","x \cdot x \cdot!=4","x*x*!=4","x \cdot x \cdot!=4","0.6646955","3974","false","false","true","true","0.5714285714285714","1.0","1.0","0.8096633464949472","WRONG_SYMBOL","LETTER_CONFUSION","failures/equations_inequalities-014.png",""
"equations_inequalities-015","EQUATIONS_INEQUALITIES","closed interval","MEDIUM","OVERWRITTEN_CORRECTION","tilted-baseline","CENTER_LEFT","0<=x<=1","0<=x<=1","0<=x<=1","0<=x<=1","0<=x<=1","0.8526629","3433","true","true","true","true","1.0","1.0","1.0","0.9926331460475922","PASS","","rendered-inputs",""
"equations_inequalities-016","EQUATIONS_INEQUALITIES","disjoint inequality","MEDIUM","MIXED_CASE","overlap-and-correction","CENTER","x<-2 or x>3","x<-2 or x>3","x<-2orx>3","x<-2orx>3","x<-2orx>3","0.8961","3625","true","true","true","true","1.0","1.0","1.0","0.9948049992322923","PASS","","rendered-inputs",""
"equations_inequalities-017","EQUATIONS_INEQUALITIES","parameterized linear","MEDIUM","UNUSUAL_STROKE_ORDER","normal-order","CENTER_RIGHT","ax+b=0","ax+b=0","ax+b=0","ax+b=0","ax+b=0","0.8961","3091","true","true","true","true","1.0","1.0","1.0","0.9948049992322923","PASS","","rendered-inputs",""
"equations_inequalities-018","EQUATIONS_INEQUALITIES","quartic","MEDIUM","SLIGHTLY_SHAKY","reverse-symbol-strokes","BOTTOM_LEFT","x^4-16=0","x^4-16=0","x^{4}-15=0","x^(4)-15=0","x^{4}-15=0","0.9209706","3873","false","false","true","true","0.875","1.0","1.0","0.9201110309362411","PARTIAL","DIGIT_CONFUSION","failures/equations_inequalities-018.png",""
"equations_inequalities-019","EQUATIONS_INEQUALITIES","exponential equation","MEDIUM","CLEAN_STUDENT","delayed-superscript","BOTTOM_CENTER","e^x=5","e^x=5","e^{x}=5","e^(x)=5","e^{x}=5","0.8019844","3413","true","true","true","true","1.0","1.0","1.0","0.9900992214679719","PASS","","rendered-inputs",""
"equations_inequalities-020","EQUATIONS_INEQUALITIES","log equation","MEDIUM","FAST_CLASSROOM","fraction-bar-first","BOTTOM_RIGHT","log_2(x)=7","log_2(x)=7","log_{2}(X)=7","log_2(X)=7","log_{2}(X)=7","0.8836788","3737","true","true","true","true","1.0","1.0","1.0","0.9941839396953583","PASS","","rendered-inputs",""
"equations_inequalities-021","EQUATIONS_INEQUALITIES","trig equation","MEDIUM","SMALL_COMPACT","fraction-bar-last","NEAR_BOUNDARY","sin(x)=1/2","sin(x)=1/2","sin(x)=1/2","sin(x)=1/2","sin(x)=1/2","0.97932845","3784","true","true","true","true","1.0","1.0","1.0","0.9989664226770402","PASS","","rendered-inputs",""
"equations_inequalities-022","EQUATIONS_INEQUALITIES","factored equation","MEDIUM","LARGE_BOARD","uneven-spacing","NEAR_TOOLBAR","(x-1)(x+2)=0","(x-1)(x+2)=0","(x-1)(x+2)=0","(x-1)(x+2)=0","(x-1)(x+2)=0","0.94857997","4310","true","true","true","true","1.0","1.0","1.0","0.9974289983510972","PASS","","rendered-inputs",""
"equations_inequalities-023","EQUATIONS_INEQUALITIES","rational equation","HARD","RIGHT_SLANTED","tilted-baseline","TOP_LEFT","1/x+1/(x+1)=1","1/x+1/(x+1)=1","1/x+1/(x+1)=1","1/x+1/(x+1)=1","1/x+1/(x+1)=1","0.8961","4618","true","true","true","true","1.0","1.0","1.0","0.9948049992322923","PASS","","rendered-inputs",""
"equations_inequalities-024","EQUATIONS_INEQUALITIES","two roots","HARD","LEFT_SLANTED","overlap-and-correction","TOP_CENTER","sqrt(x)+sqrt(x-1)=3","sqrt(x)+sqrt(x-1)=3","\sin(X)+\sin(X-1)=3","sin(X)+sin(X-1)=3","\sin(X)+\sin(X-1)=3","0.874069","4999","false","false","false","false","0.6842105263157895","0.5","0.0","0.48620344877243044","WRONG_LAYOUT","LETTER_CONFUSION|ROOT_SCOPE_ERROR","failures/equations_inequalities-024.png",""
"equations_inequalities-025","EQUATIONS_INEQUALITIES","fractional power equation","HARD","UNEVEN_BASELINE","normal-order","TOP_RIGHT","x^(2/3)=4","x^(2/3)=4","x^(2/3)=4","x^(2/3)=4","x^(2/3)=4","1.0","4134","true","true","true","true","1.0","1.0","1.0","1.0","PASS","","rendered-inputs",""
"equations_inequalities-026","EQUATIONS_INEQUALITIES","nested exponent","HARD","VARIABLE_SPACING","reverse-symbol-strokes","CENTER_LEFT","3^{2x}=27","3^{2x}=27","3^{2x}=27","3^(2x)=27","3^{2x}=27","0.9157435","3745","true","true","true","true","1.0","1.0","1.0","0.9957871764898301","PASS","","rendered-inputs",""
"equations_inequalities-027","EQUATIONS_INEQUALITIES","redundant system","HARD","HEAVY_PRESSURE","delayed-superscript","CENTER","x+y=5\nx-y=1\nx=3","x+y=5\nx-y=1\nx=3","x+y=5;X-Y=1;x=3","x+y=5;X-Y=1;x=3","x+y=5;X-Y=1;x=3","0.8961","9313","false","false","true","true","0.8666666666666667","1.0","1.0","0.9153049992322922","PARTIAL","","failures/equations_inequalities-027.png","Recognized as 3 spatially separate equation lines."
"equations_inequalities-028","EQUATIONS_INEQUALITIES","braced system","HARD","LIGHT_BROKEN","fraction-bar-first","CENTER_RIGHT","{x+y=4;2x-y=5}","{x+y=4;2x-y=5}","\{X+Y=4;2X-Y=5 \}","\(X+Y=4;2X-Y=5\)","\{X+Y=4;2X-Y=5 \}","0.8405182","4280","false","false","true","true","0.875","1.0","1.0","0.9160884088277816","PARTIAL","","failures/equations_inequalities-028.png",""
"equations_inequalities-029","EQUATIONS_INEQUALITIES","fraction inequality","HARD","ROUNDED","fraction-bar-last","BOTTOM_LEFT","x/2<=3","x/2<=3","x/2<=3","x/2<=3","x/2<=3","0.96368396","3116","true","true","true","true","1.0","1.0","1.0","0.998184198141098","PASS","","rendered-inputs",""
"equations_inequalities-030","EQUATIONS_INEQUALITIES","quadratic inequality","HARD","ANGULAR","uneven-spacing","BOTTOM_CENTER","(x-1)^2>=0","(x-1)^2>=0","(X-132)=0","(X-132)=0","(X-132)=0","0.439","3496","false","false","false","false","0.7","0.3333333333333333","0.0","0.4212000005245209","WRONG_STRUCTURE","DIGIT_CONFUSION|SUPERSCRIPT_MISSED|LOW_CONFIDENCE","failures/equations_inequalities-030.png","Low-confidence interpretation; choose an alternative or edit before insertion."
"equations_inequalities-031","EQUATIONS_INEQUALITIES","nonstandard quadratic","HARD","CROWDED","tilted-baseline","BOTTOM_RIGHT","x^2=2x+3","x^2=2x+3","x^{2}=2x+3","x^(2)=2x+3","x^{2}=2x+3","0.9224333","3547","true","true","true","true","1.0","1.0","1.0","0.9961216658353806","PASS","","rendered-inputs",""
"equations_inequalities-032","EQUATIONS_INEQUALITIES","line equation","HARD","WIDELY_SPACED","overlap-and-correction","NEAR_BOUNDARY","y=mx+c","y=mx+c","Y=MX+C","Y=MX+C","Y=MX+C","1.0","3162","true","true","true","true","1.0","1.0","1.0","1.0","PASS","","rendered-inputs",""
"equations_inequalities-033","EQUATIONS_INEQUALITIES","physics-style equation","HARD","OVERWRITTEN_CORRECTION","normal-order","NEAR_TOOLBAR","F=ma","F=ma","IMA","IMA","IMA","0.439","2715","false","false","false","true","0.5","0.0","1.0","0.43570000052452085","WRONG_STRUCTURE","LETTER_CONFUSION|OVERWRITING_ERROR|LOW_CONFIDENCE","failures/equations_inequalities-033.png","Image pass unavailable; result uses digital ink and parser evidence.; Low-confidence interpretation; choose an alternative or edit before insertion."
"equations_inequalities-034","EQUATIONS_INEQUALITIES","proportion","HARD","MIXED_CASE","reverse-symbol-strokes","TOP_LEFT","a/b=c/d","a/b=c/d","a\times b=c \times d","a*b=c*d","a\times b=c \times d","0.6334475","4022","false","false","false","false","0.7142857142857143","0.5","0.0","0.4870295192514147","WRONG_LAYOUT","LETTER_CONFUSION|FRACTION_MISREAD|STROKE_ORDER_SENSITIVE","failures/equations_inequalities-034.png","Low-confidence interpretation; choose an alternative or edit before insertion."
"equations_inequalities-035","EQUATIONS_INEQUALITIES","working steps","EXTREME","UNUSUAL_STROKE_ORDER","delayed-superscript","TOP_CENTER","x+1=2\nx=1","x+1=2\nx=1","x+1=2;X=1","x+1=2;X=1","x+1=2;X=1","0.990852","6080","false","false","true","true","0.8888888888888888","1.0","1.0","0.929542599916458","PARTIAL","","failures/equations_inequalities-035.png","Recognized as 2 spatially separate equation lines."
"equations_inequalities-036","EQUATIONS_INEQUALITIES","three working steps","EXTREME","SLIGHTLY_SHAKY","fraction-bar-first","TOP_RIGHT","2x+2=10\n2x=8\nx=4","2x+2=10\n2x=8\nx=4","2x+2=10;2X=8;x=4","2x+2=10;2X=8;x=4","2x+2=10;2X=8;x=4","0.8850431","8367","false","false","true","true","0.875","1.0","1.0","0.9183146542310714","PARTIAL","","failures/equations_inequalities-036.png","Recognized as 3 spatially separate equation lines."
"equations_inequalities-037","EQUATIONS_INEQUALITIES","transposition steps","EXTREME","CLEAN_STUDENT","fraction-bar-last","CENTER_LEFT","x+5=12\nx=12-5\nx=7","x+5=12\nx=12-5\nx=7","x+5=12;x=12-5;x=7","x+5=12;x=12-5;x=7","x+5=12;x=12-5;x=7","0.9021286","9139","false","false","true","true","0.8823529411764706","1.0","1.0","0.9223123112145593","PARTIAL","","failures/equations_inequalities-037.png","Recognized as 3 spatially separate equation lines."
"equations_inequalities-038","EQUATIONS_INEQUALITIES","incorrect working","EXTREME","FAST_CLASSROOM","uneven-spacing","CENTER","x+5=12\nx=12+5\nx=17","x+5=12\nx=12+5\nx=17","x+5=12;x=12+5;x=17","x+5=12;x=12+5;x=17","x+5=12;x=12+5;x=17","0.9221","8933","false","false","true","true","0.8888888888888888","1.0","1.0","0.9261050003767013","PARTIAL","","failures/equations_inequalities-038.png","Recognized as 3 spatially separate equation lines."
"equations_inequalities-039","EQUATIONS_INEQUALITIES","solution notation","EXTREME","SMALL_COMPACT","tilted-baseline","CENTER_RIGHT","x^2-1=0 => x=+-1","x^2-1=0 => x=+-1","x^2-1=0=>X=+-1","x^2-1=0=>X=+-1","x^2-1=0=>X=+-1","0.587","5081","true","true","true","true","1.0","1.0","1.0","0.9793500006198884","PASS","","rendered-inputs","Low-confidence interpretation; choose an alternative or edit before insertion."
"equations_inequalities-040","EQUATIONS_INEQUALITIES","misaligned system","EXTREME","LARGE_BOARD","overlap-and-correction","BOTTOM_LEFT","x+y=3\n  x-y=1","x+y=3\n  x-y=1","x+y=3;X-Y=1","x+y=3;X-Y=1","x+y=3;X-Y=1","0.8961","6565","false","false","true","true","0.9090909090909091","1.0","1.0","0.9334413628686559","PARTIAL","","failures/equations_inequalities-040.png","Recognized as 2 spatially separate equation lines."
"powers_subscripts_roots-001","POWERS_SUBSCRIPTS_ROOTS","square","EASY","CLEAN_STUDENT","normal-order","TOP_LEFT","x^2","x^2","x^2","x^2","x^2","0.9038582","2935","true","true","true","true","1.0","1.0","1.0","0.9951929092407227","PASS","","rendered-inputs",""
"powers_subscripts_roots-002","POWERS_SUBSCRIPTS_ROOTS","cube","EASY","FAST_CLASSROOM","reverse-symbol-strokes","TOP_CENTER","x^3","x^3","x^{3}","x^(3)","x^{3}","0.8082802","2909","true","true","true","true","1.0","1.0","1.0","0.9904140114784241","PASS","","rendered-inputs",""
"powers_subscripts_roots-003","POWERS_SUBSCRIPTS_ROOTS","symbolic power","EASY","SMALL_COMPACT","delayed-superscript","TOP_RIGHT","x^n","x^n","x^{n}","x^(n)","x^{n}","0.9245685","2975","true","true","true","true","1.0","1.0","1.0","0.9962284237146378","PASS","","rendered-inputs",""
"powers_subscripts_roots-004","POWERS_SUBSCRIPTS_ROOTS","negative power","EASY","LARGE_BOARD","fraction-bar-first","CENTER_LEFT","x^{-2}","x^{-2}","","","","","27895","false","false","false","false","0.0","0.0","0.0","0.0","TIMEOUT","TIMEOUT","failures/powers_subscripts_roots-004.png",""
"powers_subscripts_roots-005","POWERS_SUBSCRIPTS_ROOTS","fractional power","EASY","RIGHT_SLANTED","fraction-bar-last","CENTER","x^{1/2}","x^{1/2}","X^{1/2}","X^(1/2)","X^{1/2}","0.9311","3188","true","true","true","true","1.0","1.0","1.0","0.9965550005435945","PASS","","rendered-inputs",""
"powers_subscripts_roots-006","POWERS_SUBSCRIPTS_ROOTS","compound exponent","EASY","LEFT_SLANTED","uneven-spacing","CENTER_RIGHT","a^{b+c}","a^{b+c}","","","","","26208","false","false","false","false","0.0","0.0","0.0","0.0","TIMEOUT","TIMEOUT","failures/powers_subscripts_roots-006.png",""
"powers_subscripts_roots-007","POWERS_SUBSCRIPTS_ROOTS","nested power","EASY","UNEVEN_BASELINE","tilted-baseline","BOTTOM_LEFT","(x^2+1)^3","(x^2+1)^3","(X^2+1)^3","(X^2+1)^3","(X^2+1)^3","0.9291293","3678","true","true","true","true","1.0","1.0","1.0","0.996456465125084","PASS","","rendered-inputs",""
"powers_subscripts_roots-008","POWERS_SUBSCRIPTS_ROOTS","square root","EASY","VARIABLE_SPACING","overlap-and-correction","BOTTOM_CENTER","sqrt(x)","sqrt(x)","\sin(X)","sin(X)","\sin(X)","0.8506765","2573","false","false","false","false","0.5714285714285714","0.0","0.0","0.28681953813348493","WRONG_STRUCTURE","LETTER_CONFUSION|ROOT_SCOPE_ERROR","failures/powers_subscripts_roots-008.png",""
"powers_subscripts_roots-009","POWERS_SUBSCRIPTS_ROOTS","root scope","EASY","HEAVY_PRESSURE","normal-order","BOTTOM_RIGHT","sqrt(x^2+y^2)","sqrt(x^2+y^2)","\sin^{2}+(x^{2}+y^{2})","sin^(2)+(x^(2)+y^(2))","\sin^{2}+(x^{2}+y^{2})","0.88295126","4030","false","false","false","false","0.6666666666666667","0.5","0.5","0.5791475629806517","WRONG_LAYOUT","DIGIT_CONFUSION|LETTER_CONFUSION|ROOT_SCOPE_ERROR","failures/powers_subscripts_roots-009.png",""
"powers_subscripts_roots-010","POWERS_SUBSCRIPTS_ROOTS","cube root","EASY","LIGHT_BROKEN","reverse-symbol-strokes","NEAR_BOUNDARY","root_3(27)","root_3(27)","r00+3(27)","r00+3(27)","r00+3(27)","0.83350784","4147","false","false","false","false","0.6","0.0","0.0","0.29817539179325103","WRONG_STRUCTURE","DIGIT_CONFUSION|LETTER_CONFUSION|SUBSCRIPT_MISSED|LOCATION_SENSITIVE|STROKE_ORDER_SENSITIVE","failures/powers_subscripts_roots-010.png",""
"powers_subscripts_roots-011","POWERS_SUBSCRIPTS_ROOTS","nth root","MEDIUM","ROUNDED","delayed-superscript","NEAR_TOOLBAR","root_4(16)","root_4(16)","root_al163","root_al163","root_al163","0.7639011","3078","false","false","true","true","0.7","1.0","1.0","0.8531950557231902","WRONG_SYMBOL","DIGIT_CONFUSION|LETTER_CONFUSION","failures/powers_subscripts_roots-011.png","Low-confidence interpretation; choose an alternative or edit before insertion."
"powers_subscripts_roots-012","POWERS_SUBSCRIPTS_ROOTS","scientific notation","MEDIUM","ANGULAR","fraction-bar-first","TOP_LEFT","6.02*10^23","6.02*10^23","6_.02*10^23","6_.02*10^23","6_.02*10^23","0.96407986","3688","false","false","true","true","0.9090909090909091","1.0","1.0","0.9368403564799916","PARTIAL","","failures/powers_subscripts_roots-012.png",""
"powers_subscripts_roots-013","POWERS_SUBSCRIPTS_ROOTS","single subscript","MEDIUM","CROWDED","fraction-bar-last","TOP_CENTER","a_1","a_1","a_{1}","a_1","a_{1}","0.81119305","2409","true","true","true","true","1.0","1.0","1.0","0.9905596524477006","PASS","","rendered-inputs",""
"powers_subscripts_roots-014","POWERS_SUBSCRIPTS_ROOTS","numeric subscript","MEDIUM","WIDELY_SPACED","uneven-spacing","TOP_RIGHT","x_2","x_2","X_2","X_2","X_2","0.8961","2772","true","true","true","true","1.0","1.0","1.0","0.9948049992322923","PASS","","rendered-inputs",""
"powers_subscripts_roots-015","POWERS_SUBSCRIPTS_ROOTS","compound subscript","MEDIUM","OVERWRITTEN_CORRECTION","tilted-baseline","CENTER_LEFT","a_{n+1}","a_{n+1}","ab+1","ab+1","ab+1","0.86953646","2829","false","false","false","false","0.6","0.0","0.0","0.29997682297229766","WRONG_STRUCTURE","LETTER_CONFUSION|SUBSCRIPT_MISSED|OVERWRITING_ERROR","failures/powers_subscripts_roots-015.png",""
"powers_subscripts_roots-016","POWERS_SUBSCRIPTS_ROOTS","power and subscript","MEDIUM","MIXED_CASE","overlap-and-correction","CENTER","x_1^2+x_2^2","x_1^2+x_2^2","x_1^2+x_2^2","x_1^2+x_2^2","x_1^2+x_2^2","0.8933441","4339","true","true","true","true","1.0","1.0","1.0","0.9946672052145005","PASS","","rendered-inputs",""
"powers_subscripts_roots-017","POWERS_SUBSCRIPTS_ROOTS","nested superscript","MEDIUM","UNUSUAL_STROKE_ORDER","normal-order","CENTER_RIGHT","x^{y^2}","x^{y^2}","X^{YZ}3","X^(YZ)3","X^{YZ}3","0.84823817","2760","false","false","true","true","0.6","1.0","1.0","0.827411908507347","WRONG_SYMBOL","DIGIT_CONFUSION|LETTER_CONFUSION","failures/powers_subscripts_roots-017.png",""
"powers_subscripts_roots-018","POWERS_SUBSCRIPTS_ROOTS","power of power","MEDIUM","SLIGHTLY_SHAKY","reverse-symbol-strokes","BOTTOM_LEFT","(a^m)^n","(a^m)^n","a","a","a","0.439","3028","false","false","false","false","0.1428571428571429","0.0","0.0","0.08302142909594948","WRONG_STRUCTURE","LETTER_CONFUSION|SUPERSCRIPT_MISSED|STROKE_ORDER_SENSITIVE|LOW_CONFIDENCE","failures/powers_subscripts_roots-018.png","Low-confidence interpretation; choose an alternative or edit before insertion."
"powers_subscripts_roots-019","POWERS_SUBSCRIPTS_ROOTS","negative numeric exponent","MEDIUM","CLEAN_STUDENT","delayed-superscript","BOTTOM_CENTER","2^{-3}","2^{-3}","2^{-3}","2^(-3)","2^{-3}","0.9311","2351","true","true","true","true","1.0","1.0","1.0","0.9965550005435945","PASS","","rendered-inputs",""
"powers_subscripts_roots-020","POWERS_SUBSCRIPTS_ROOTS","fraction exponent","MEDIUM","FAST_CLASSROOM","fraction-bar-first","BOTTOM_RIGHT","9^{3/2}","9^{3/2}","9^{312}","9^(312)","9^{312}","0.89636284","2465","false","false","false","false","0.8","0.5","0.5","0.6368181420564651","WRONG_LAYOUT","DIGIT_CONFUSION|FRACTION_MISREAD","failures/powers_subscripts_roots-020.png",""
"powers_subscripts_roots-021","POWERS_SUBSCRIPTS_ROOTS","indexed radical","MEDIUM","SMALL_COMPACT","fraction-bar-last","NEAR_BOUNDARY","sqrt[3](x+1)","sqrt[3](x+1)","sr+[3](x+1)","sr+[3](x+1)","sr+[3](x+1)","0.92059255","3536","false","false","false","false","0.8333333333333334","0.0","0.0","0.40227962732315065","WRONG_STRUCTURE","LETTER_CONFUSION|ROOT_SCOPE_ERROR|LOCATION_SENSITIVE","failures/powers_subscripts_roots-021.png",""
"powers_subscripts_roots-022","POWERS_SUBSCRIPTS_ROOTS","nested roots","MEDIUM","LARGE_BOARD","uneven-spacing","NEAR_TOOLBAR","sqrt(sqrt(x))","sqrt(sqrt(x))","Sr+(srt(x))","Sr+(srt(x))","Sr+(srt(x))","0.439","3572","false","false","false","false","0.7692307692307692","0.0","0.0","0.3507961543706747","WRONG_STRUCTURE","LETTER_CONFUSION|ROOT_SCOPE_ERROR|LOCATION_SENSITIVE|LOW_CONFIDENCE","failures/powers_subscripts_roots-022.png","Low-confidence interpretation; choose an alternative or edit before insertion."
"powers_subscripts_roots-023","POWERS_SUBSCRIPTS_ROOTS","root within root","HARD","RIGHT_SLANTED","tilted-baseline","TOP_LEFT","sqrt(x+sqrt(y))","sqrt(x+sqrt(y))","srcx+srty>>","srcx+srty>>","srcx+srty>>","0.439","3782","false","false","false","false","0.5333333333333333","0.0","0.0","0.24995000052452085","WRONG_STRUCTURE","LETTER_CONFUSION|ROOT_SCOPE_ERROR|LOW_CONFIDENCE","failures/powers_subscripts_roots-023.png","Low-confidence interpretation; choose an alternative or edit before insertion."
"powers_subscripts_roots-024","POWERS_SUBSCRIPTS_ROOTS","scientific unit","HARD","LEFT_SLANTED","overlap-and-correction","TOP_CENTER","10^{-9}m","10^{-9}m","10^{-9}m","10^(-9)m","10^{-9}m","0.8723134","2687","true","true","true","true","1.0","1.0","1.0","0.9936156690120698","PASS","","rendered-inputs",""
"powers_subscripts_roots-025","POWERS_SUBSCRIPTS_ROOTS","decimal scientific","HARD","UNEVEN_BASELINE","normal-order","TOP_RIGHT","1.5*10^{-4}","1.5*10^{-4}","1_.5*10^(-4)","1_.5*10^(-4)","1_.5*10^(-4)","1.0","2945","false","false","true","true","0.9","1.0","1.0","0.9347500000000001","PARTIAL","","failures/powers_subscripts_roots-025.png",""
"powers_subscripts_roots-026","POWERS_SUBSCRIPTS_ROOTS","chemical-style subscript","HARD","VARIABLE_SPACING","reverse-symbol-strokes","CENTER_LEFT","H_2O","H_2O","frac{}","frac()","frac{}","0.60892224","2068","false","false","false","false","0.0","0.0","0.0","0.030446112155914307","WRONG_STRUCTURE","DIGIT_CONFUSION|LETTER_CONFUSION|SUBSCRIPT_MISSED|STROKE_ORDER_SENSITIVE","failures/powers_subscripts_roots-026.png","Low-confidence interpretation; choose an alternative or edit before insertion."
"powers_subscripts_roots-027","POWERS_SUBSCRIPTS_ROOTS","chemical indexed notation","HARD","HEAVY_PRESSURE","delayed-superscript","CENTER","CO_2","CO_2","","","","","23375","false","false","false","false","0.0","0.0","0.0","0.0","TIMEOUT","TIMEOUT","failures/powers_subscripts_roots-027.png",""
"powers_subscripts_roots-028","POWERS_SUBSCRIPTS_ROOTS","two-dimensional index","HARD","LIGHT_BROKEN","fraction-bar-first","CENTER_RIGHT","x_{i,j}","x_{i,j}","X_{i,j}","X_i,j","X_{i,j}","0.8961","2685","true","true","true","true","1.0","1.0","1.0","0.9948049992322923","PASS","","rendered-inputs",""
"powers_subscripts_roots-029","POWERS_SUBSCRIPTS_ROOTS","tensor-like notation","HARD","ROUNDED","fraction-bar-last","BOTTOM_LEFT","T_i^{jk}","T_i^{jk}","i","i","i","0.7249349","1972","false","false","false","false","0.16666666666666663","0.0","0.0","0.10749674379825591","WRONG_STRUCTURE","LETTER_CONFUSION|SUPERSCRIPT_MISSED|SUBSCRIPT_MISSED","failures/powers_subscripts_roots-029.png",""
"powers_subscripts_roots-030","POWERS_SUBSCRIPTS_ROOTS","indexed polynomial","HARD","ANGULAR","uneven-spacing","BOTTOM_CENTER","a_0+a_1x+a_2x^2","a_0+a_1x+a_2x^2","a_0+a_1X+a_2X^2","a_0+a_1X+a_2X^2","a_0+a_1X+a_2X^2","0.9219104","5288","true","true","true","true","1.0","1.0","1.0","0.9960955202579499","PASS","","rendered-inputs",""
"powers_subscripts_roots-031","POWERS_SUBSCRIPTS_ROOTS","power tower","HARD","CROWDED","tilted-baseline","BOTTOM_RIGHT","x^{2^3}","x^{2^3}","X^{23}3","X^(23)3","X^{23}3","0.8914158","2773","false","false","true","true","0.8","1.0","1.0","0.8895707887411117","PARTIAL","DIGIT_CONFUSION","failures/powers_subscripts_roots-031.png",""
"powers_subscripts_roots-032","POWERS_SUBSCRIPTS_ROOTS","ambiguous power tower","HARD","WIDELY_SPACED","overlap-and-correction","NEAR_BOUNDARY","x^2^3","x^2^3","X^{23}","X^(23)","X^{23}","0.9311","2858","false","false","true","true","0.8","1.0","1.0","0.8915550005435944","PARTIAL","","failures/powers_subscripts_roots-032.png",""
"powers_subscripts_roots-033","POWERS_SUBSCRIPTS_ROOTS","mixed layout","HARD","OVERWRITTEN_CORRECTION","normal-order","NEAR_TOOLBAR","sqrt(x^2+1)/(x_1)","sqrt(x^2+1)/(x_1)","\sin(x^{2}+1)/(x_{1})","sin(x^(2)+1)/(x_1)","\sin(x^{2}+1)/(x_{1})","0.92552066","4382","false","false","false","false","0.8235294117647058","0.75","0.75","0.7733348564540639","PARTIAL","LETTER_CONFUSION|FRACTION_MISREAD|ROOT_SCOPE_ERROR|LOCATION_SENSITIVE|OVERWRITING_ERROR","failures/powers_subscripts_roots-033.png",""
"powers_subscripts_roots-034","POWERS_SUBSCRIPTS_ROOTS","compound negative exponent","HARD","MIXED_CASE","reverse-symbol-strokes","TOP_LEFT","e^{-x^2}","e^{-x^2}","e","e","e","0.439","2438","false","false","false","false","0.16666666666666663","0.0","0.0","0.09320000052452085","WRONG_STRUCTURE","DIGIT_CONFUSION|LETTER_CONFUSION|SUPERSCRIPT_MISSED|STROKE_ORDER_SENSITIVE|LOW_CONFIDENCE","failures/powers_subscripts_roots-034.png","Image pass unavailable; result uses digital ink and parser evidence.; Low-confidence interpretation; choose an alternative or edit before insertion."
"powers_subscripts_roots-035","POWERS_SUBSCRIPTS_ROOTS","adjacent powers","EXTREME","UNUSUAL_STROKE_ORDER","delayed-superscript","TOP_CENTER","2^{x+1}+2^x","2^{x+1}+2^x","2^{x+1}+2^{x}","2^(x+1)+2^(x)","2^{x+1}+2^{x}","0.9311","3519","true","true","true","true","1.0","1.0","1.0","0.9965550005435945","PASS","","rendered-inputs",""
"powers_subscripts_roots-036","POWERS_SUBSCRIPTS_ROOTS","compound index and power","EXTREME","SLIGHTLY_SHAKY","fraction-bar-first","TOP_RIGHT","x_1^{a+b}","x_1^{a+b}","X_1^{a+b}","X_1^(a+b)","X_1^{a+b}","0.9186638","3303","true","true","true","true","1.0","1.0","1.0","0.9959331899881364","PASS","","rendered-inputs",""
"powers_subscripts_roots-037","POWERS_SUBSCRIPTS_ROOTS","delayed index","EXTREME","CLEAN_STUDENT","fraction-bar-last","CENTER_LEFT","a_{n+1}^2","a_{n+1}^2","a_{n+1}^2","a_n+1^2","a_{n+1}^2","0.89410573","2888","true","true","true","true","1.0","1.0","1.0","0.9947052866220475","PASS","","rendered-inputs",""
"powers_subscripts_roots-038","POWERS_SUBSCRIPTS_ROOTS","detached superscript","EXTREME","FAST_CLASSROOM","uneven-spacing","CENTER","x^ 2","x^ 2","times","times","times","0.8089198","1946","false","false","false","false","0.0","0.0","0.0","0.040445989370346075","WRONG_STRUCTURE","DIGIT_CONFUSION|LETTER_CONFUSION|SUPERSCRIPT_MISSED","failures/powers_subscripts_roots-038.png",""
"powers_subscripts_roots-039","POWERS_SUBSCRIPTS_ROOTS","detached subscript","EXTREME","SMALL_COMPACT","tilted-baseline","CENTER_RIGHT","x_ 2","x_ 2","X_{2}","X_2","X_{2}","0.8961","2243","true","true","true","true","1.0","1.0","1.0","0.9948049992322923","PASS","","rendered-inputs",""
"powers_subscripts_roots-040","POWERS_SUBSCRIPTS_ROOTS","crowded super/subscripts","EXTREME","LARGE_BOARD","overlap-and-correction","BOTTOM_LEFT","x^2+x_2","x^2+x_2","x_1^2+x_2","x_1^2+x_2","x_1^2+x_2","0.87958956","3265","false","false","true","true","0.7777777777777778","1.0","1.0","0.8823128112157186","PARTIAL","DIGIT_CONFUSION","failures/powers_subscripts_roots-040.png",""
"fractions_rational-001","FRACTIONS_RATIONAL","simple fraction","EASY","CLEAN_STUDENT","normal-order","TOP_LEFT","1/2","1/2","1/2","1/2","1/2","0.9889","2116","true","true","true","true","1.0","1.0","1.0","0.9994450002908707","PASS","","rendered-inputs",""
"fractions_rational-002","FRACTIONS_RATIONAL","simple fraction","EASY","FAST_CLASSROOM","reverse-symbol-strokes","TOP_CENTER","3/4","3/4","3/4","3/4","3/4","0.8961","2268","true","true","true","true","1.0","1.0","1.0","0.9948049992322923","PASS","","rendered-inputs",""
"fractions_rational-003","FRACTIONS_RATIONAL","mixed number","EASY","SMALL_COMPACT","delayed-superscript","TOP_RIGHT","2 1/3","2 1/3","21/3","21/3","21/3","1.0","2229","true","true","true","true","1.0","1.0","1.0","1.0","PASS","","rendered-inputs",""
"fractions_rational-004","FRACTIONS_RATIONAL","algebraic fraction","EASY","LARGE_BOARD","fraction-bar-first","CENTER_LEFT","(x+1)/(x-1)","(x+1)/(x-1)","(X+1)/(X-1)","(X+1)/(X-1)","(X+1)/(X-1)","0.944159","3007","true","true","true","true","1.0","1.0","1.0","0.9972079485654831","PASS","","rendered-inputs",""
"fractions_rational-005","FRACTIONS_RATIONAL","powered fraction","EASY","RIGHT_SLANTED","fraction-bar-last","CENTER","(a^2-b^2)/(a+b)","(a^2-b^2)/(a+b)","co-DJI ca+b)","co-DJIca+b)","co-DJI ca+b)","0.59328","4396","false","false","false","false","0.33333333333333337","0.0","0.0","0.17216400086879732","WRONG_STRUCTURE","DIGIT_CONFUSION|LETTER_CONFUSION|SUPERSCRIPT_MISSED|FRACTION_MISREAD","failures/fractions_rational-005.png","Low-confidence interpretation; choose an alternative or edit before insertion."
"fractions_rational-006","FRACTIONS_RATIONAL","nested fraction","EASY","LEFT_SLANTED","uneven-spacing","CENTER_RIGHT","1/(1+1/x)","1/(1+1/x)","1/(1+1/x)","1/(1+1/x)","1/(1+1/x)","0.8961","2813","true","true","true","true","1.0","1.0","1.0","0.9948049992322923","PASS","","rendered-inputs",""
"fractions_rational-007","FRACTIONS_RATIONAL","root fraction","EASY","UNEVEN_BASELINE","tilted-baseline","BOTTOM_LEFT","sqrt(x)/(x+2)","sqrt(x)/(x+2)","\sin(X)/(X+2)","sin(X)/(X+2)","\sin(X)/(X+2)","0.84117204","3202","false","false","false","false","0.7692307692307692","0.5","0.5","0.6209047558215948","WRONG_LAYOUT","LETTER_CONFUSION|FRACTION_MISREAD|ROOT_SCOPE_ERROR","failures/fractions_rational-007.png",""
"fractions_rational-008","FRACTIONS_RATIONAL","polynomial fraction","EASY","VARIABLE_SPACING","overlap-and-correction","BOTTOM_CENTER","(x^2+3x+2)/(x^2-1)","(x^2+3x+2)/(x^2-1)","(X^2+3X+2)/(X^2-1)","(X^2+3X+2)/(X^2-1)","(X^2+3X+2)/(X^2-1)","0.9176005","4151","true","true","true","true","1.0","1.0","1.0","0.9958800256252289","PASS","","rendered-inputs",""
"fractions_rational-009","FRACTIONS_RATIONAL","continued fraction","EASY","HEAVY_PRESSURE","normal-order","BOTTOM_RIGHT","1+1/(2+1/3)","1+1/(2+1/3)","1+1/(2+1/3)","1+1/(2+1/3)","1+1/(2+1/3)","0.9841","3351","true","true","true","true","1.0","1.0","1.0","0.9992049992084504","PASS","","rendered-inputs",""
"fractions_rational-010","FRACTIONS_RATIONAL","fraction over fraction","EASY","LIGHT_BROKEN","reverse-symbol-strokes","NEAR_BOUNDARY","(1/2)/(3/4)","(1/2)/(3/4)","(1/2)/(3/4)","(1/2)/(3/4)","(1/2)/(3/4)","0.88241863","2853","true","true","true","true","1.0","1.0","1.0","0.9941209316253663","PASS","","rendered-inputs",""
"fractions_rational-011","FRACTIONS_RATIONAL","nested denominator","MEDIUM","ROUNDED","delayed-superscript","NEAR_TOOLBAR","x/(y/z)","x/(y/z)","X/(Y/Z)","X/(Y/Z)","X/(Y/Z)","0.9592819","2562","true","true","true","true","1.0","1.0","1.0","0.997964096069336","PASS","","rendered-inputs",""
"fractions_rational-012","FRACTIONS_RATIONAL","nested numerator","MEDIUM","ANGULAR","fraction-bar-first","TOP_LEFT","(a/b)/c","(a/b)/c","(a/b) \geq c","(a/b)>=c","(a/b) \geq c","0.571629","2906","false","false","true","true","0.75","1.0","1.0","0.8585814493894576","PARTIAL","LETTER_CONFUSION","failures/fractions_rational-012.png","Low-confidence interpretation; choose an alternative or edit before insertion."
"fractions_rational-013","FRACTIONS_RATIONAL","derivative fraction","MEDIUM","CROWDED","fraction-bar-last","TOP_CENTER","dy/dx","dy/dx","\alpha Y/ \alpha X","\alphaY/\alphaX","\alpha Y/ \alpha X","0.8404896","2941","false","false","true","true","0.19999999999999996","1.0","1.0","0.7070244812965394","WRONG_SYMBOL","LETTER_CONFUSION","failures/fractions_rational-013.png",""
"fractions_rational-014","FRACTIONS_RATIONAL","fraction equation","MEDIUM","WIDELY_SPACED","uneven-spacing","TOP_RIGHT","(x+1)/2=3/5","(x+1)/2=3/5","(x+1)/2=3/5","(x+1)/2=3/5","(x+1)/2=3/5","0.9713","3336","true","true","true","true","1.0","1.0","1.0","0.9985650002956391","PASS","","rendered-inputs",""
"fractions_rational-015","FRACTIONS_RATIONAL","negative fraction","MEDIUM","OVERWRITTEN_CORRECTION","tilted-baseline","CENTER_LEFT","-3/7","-3/7","-3/7","-3/7","-3/7","0.94623345","2159","true","true","true","true","1.0","1.0","1.0","0.9973116725683213","PASS","","rendered-inputs",""
"fractions_rational-016","FRACTIONS_RATIONAL","negative denominator","MEDIUM","MIXED_CASE","overlap-and-correction","CENTER","1/-x","1/-x","1/-x","1/-x","1/-x","0.9022484","2465","true","true","true","true","1.0","1.0","1.0","0.9951124191284181","PASS","","rendered-inputs",""
"fractions_rational-017","FRACTIONS_RATIONAL","similar numerator denominator","MEDIUM","UNUSUAL_STROKE_ORDER","normal-order","CENTER_RIGHT","(x-y)/(x+y)","(x-y)/(x+y)","(X-Y)/(X+Y)","(X-Y)/(X+Y)","(X-Y)/(X+Y)","0.9841","2985","true","true","true","true","1.0","1.0","1.0","0.9992049992084504","PASS","","rendered-inputs",""
"fractions_rational-018","FRACTIONS_RATIONAL","root numerator","MEDIUM","SLIGHTLY_SHAKY","reverse-symbol-strokes","BOTTOM_LEFT","(1+sqrt(5))/2","(1+sqrt(5))/2","ass","ass","ass","0.439","2970","false","false","false","false","0.07692307692307687","0.0","0.0","0.054834615909136235","WRONG_STRUCTURE","DIGIT_CONFUSION|LETTER_CONFUSION|FRACTION_MISREAD|ROOT_SCOPE_ERROR|STROKE_ORDER_SENSITIVE|LOW_CONFIDENCE","failures/fractions_rational-018.png","Low-confidence interpretation; choose an alternative or edit before insertion."
"fractions_rational-019","FRACTIONS_RATIONAL","power fraction","MEDIUM","CLEAN_STUDENT","delayed-superscript","BOTTOM_CENTER","x^2/(1+x^2)","x^2/(1+x^2)","X^{2}/(1+X^{2})","X^(2)/(1+X^(2))","X^{2}/(1+X^{2})","0.9069346","3282","true","true","true","true","1.0","1.0","1.0","0.9953467309474946","PASS","","rendered-inputs",""
"fractions_rational-020","FRACTIONS_RATIONAL","deep continued fraction","MEDIUM","FAST_CLASSROOM","fraction-bar-first","BOTTOM_RIGHT","1/(2+1/(3+1/4))","1/(2+1/(3+1/4))","1/(2+1/(3+1/4))","1/(2+1/(3+1/4))","1/(2+1/(3+1/4))","0.93865997","4442","true","true","true","true","1.0","1.0","1.0","0.9969329982995988","PASS","","rendered-inputs",""
"fractions_rational-021","FRACTIONS_RATIONAL","two fractions","MEDIUM","SMALL_COMPACT","fraction-bar-last","NEAR_BOUNDARY","a/b+c/d","a/b+c/d","a/b+c/d","a/b+c/d","a/b+c/d","0.8961","3210","true","true","true","true","1.0","1.0","1.0","0.9948049992322923","PASS","","rendered-inputs",""
"fractions_rational-022","FRACTIONS_RATIONAL","long fraction sum","MEDIUM","LARGE_BOARD","uneven-spacing","NEAR_TOOLBAR","(a+b)/(c+d)+(e+f)/(g+h)","(a+b)/(c+d)+(e+f)/(g+h)","(otos/ccta)+lett)/(gth)","(otos/ccta)+lett)/(gth)","(otos/ccta)+lett)/(gth)","0.45639998","4848","false","false","true","true","0.5217391304347826","1.0","1.0","0.784341737990794","WRONG_SYMBOL","LETTER_CONFUSION|LOW_CONFIDENCE","failures/fractions_rational-022.png","Low-confidence interpretation; choose an alternative or edit before insertion."
"fractions_rational-023","FRACTIONS_RATIONAL","fraction difference","HARD","RIGHT_SLANTED","tilted-baseline","TOP_LEFT","1/(x-1)-1/(x+1)","1/(x-1)-1/(x+1)","1/(x-1)-1/(x+1)","1/(x-1)-1/(x+1)","1/(x-1)-1/(x+1)","0.8961","4004","true","true","true","true","1.0","1.0","1.0","0.9948049992322923","PASS","","rendered-inputs",""
"fractions_rational-024","FRACTIONS_RATIONAL","factorable rational","HARD","LEFT_SLANTED","overlap-and-correction","TOP_CENTER","(x^3-1)/(x-1)","(x^3-1)/(x-1)","(x^{3}-1)/(x-1)","(x^(3)-1)/(x-1)","(x^{3}-1)/(x-1)","0.9140804","3494","true","true","true","true","1.0","1.0","1.0","0.9957040190696717","PASS","","rendered-inputs",""
"fractions_rational-025","FRACTIONS_RATIONAL","complex rational","HARD","UNEVEN_BASELINE","normal-order","TOP_RIGHT","(x^2-4)/(x^2+2x)","(x^2-4)/(x^2+2x)","(X^2-4)/(X^2+2X)","(X^2-4)/(X^2+2X)","(X^2-4)/(X^2+2X)","0.90720415","4241","true","true","true","true","1.0","1.0","1.0","0.9953602075576783","PASS","","rendered-inputs",""
"fractions_rational-026","FRACTIONS_RATIONAL","root containing fraction","HARD","VARIABLE_SPACING","reverse-symbol-strokes","CENTER_LEFT","sqrt(x/y)","sqrt(x/y)","\sin^{t}(X/Y)","sin^(t)(X/Y)","\sin^{t}(X/Y)","0.723158","2974","false","false","false","false","0.7","0.5","0.5","0.585407900094986","WRONG_LAYOUT","LETTER_CONFUSION|FRACTION_MISREAD|ROOT_SCOPE_ERROR|STROKE_ORDER_SENSITIVE","failures/fractions_rational-026.png",""
"fractions_rational-027","FRACTIONS_RATIONAL","two rooted fractions","HARD","HEAVY_PRESSURE","delayed-superscript","CENTER","sqrt(x)/sqrt(y)","sqrt(x)/sqrt(y)","\int S\Gamma t(X)/S\Gamma t(Y)","\intS\Gammat(X)/S\Gammat(Y)","\int S\Gamma t(X)/S\Gamma t(Y)","0.8027644","3986","false","false","false","false","0.40740740740740744","0.5","0.5","0.46486044300927054","WRONG_LAYOUT","LETTER_CONFUSION|FRACTION_MISREAD|ROOT_SCOPE_ERROR","failures/fractions_rational-027.png",""
"fractions_rational-028","FRACTIONS_RATIONAL","fractional powers","HARD","LIGHT_BROKEN","fraction-bar-first","CENTER_RIGHT","x^{1/2}/y^{3/2}","x^{1/2}/y^{3/2}","X^{1/2}/Y^{3/2}","X^(1/2)/Y^(3/2)","X^{1/2}/Y^{3/2}","0.9311","3514","true","true","true","true","1.0","1.0","1.0","0.9965550005435945","PASS","","rendered-inputs",""
"fractions_rational-029","FRACTIONS_RATIONAL","summation numerator","HARD","ROUNDED","fraction-bar-last","BOTTOM_LEFT","(sum_{i=1}^n i)/n","(sum_{i=1}^n i)/n","(Sumi=1' is in","(Sumi=1'isin","(Sumi=1' is in","0.5608","4403","false","false","false","false","0.6428571428571428","0.4","0.0","0.4228614293677466","WRONG_STRUCTURE","LETTER_CONFUSION|SUPERSCRIPT_MISSED|SUBSCRIPT_MISSED|FRACTION_MISREAD","failures/fractions_rational-029.png","Image pass unavailable; result uses digital ink and parser evidence.; Low-confidence interpretation; choose an alternative or edit before insertion."
"fractions_rational-030","FRACTIONS_RATIONAL","geometric sum","HARD","ANGULAR","uneven-spacing","BOTTOM_CENTER","(1-r^{n+1})/(1-r)","(1-r^{n+1})/(1-r)","(1-r^{n+1})/(1-r)","(1-r^(n+1))/(1-r)","(1-r^{n+1})/(1-r)","0.9311","3751","true","true","true","true","1.0","1.0","1.0","0.9965550005435945","PASS","","rendered-inputs",""
"fractions_rational-031","FRACTIONS_RATIONAL","combinatorial fraction","HARD","CROWDED","tilted-baseline","BOTTOM_RIGHT","n!/(r!(n-r)!)","n!/(r!(n-r)!)","n!/((!(^-^)!)","n!/((!(^-^)!)","n!/((!(^-^)!)","0.439","2998","false","false","true","true","0.7692307692307692","1.0","1.0","0.8577192312937515","PARTIAL","LETTER_CONFUSION|LOW_CONFIDENCE","failures/fractions_rational-031.png","Low-confidence interpretation; choose an alternative or edit before insertion."
"fractions_rational-032","FRACTIONS_RATIONAL","mixed signed powers","HARD","WIDELY_SPACED","overlap-and-correction","NEAR_BOUNDARY","(2x^{-2}y^3)/(3x^2y^{-1})","(2x^{-2}y^3)/(3x^2y^{-1})","(2X^{-2}Y^{3})/(3X^{2}Y^{-1})","(2X^(-2)Y^(3))/(3X^(2)Y^(-1))","(2X^{-2}Y^{3})/(3X^{2}Y^{-1})","0.9291164","4895","true","true","true","true","1.0","1.0","1.0","0.9964558213949204","PASS","","rendered-inputs",""
"fractions_rational-033","FRACTIONS_RATIONAL","deep power fraction","HARD","OVERWRITTEN_CORRECTION","normal-order","NEAR_TOOLBAR","((x^2y^{-3})^2)/(x^{-1}y^4)","((x^2y^{-3})^2)/(x^{-1}y^4)","((X^{2}Y^{-3})^{2})/(X^{-1}Y^{4})","((X^(2)Y^(-3))^(2))/(X^(-1)Y^(4))","((X^{2}Y^{-3})^{2})/(X^{-1}Y^{4})","0.92598563","4627","true","true","true","true","1.0","1.0","1.0","0.9962992817163469","PASS","","rendered-inputs",""
"fractions_rational-034","FRACTIONS_RATIONAL","short separated fraction","HARD","MIXED_CASE","reverse-symbol-strokes","TOP_LEFT","1 / 2","1 / 2","1/2","1/2","1/2","0.8961","2253","true","true","true","true","1.0","1.0","1.0","0.9948049992322923","PASS","","rendered-inputs",""
"fractions_rational-035","FRACTIONS_RATIONAL","overlong bar","EXTREME","UNUSUAL_STROKE_ORDER","delayed-superscript","TOP_CENTER","(x+1)----------------(x-1)","(x+1)----------------(x-1)","(x+1)----------(x-1)","(x+1)----------(x-1)","(x+1)----------(x-1)","0.76293373","3986","false","false","true","true","0.7692307692307692","1.0","1.0","0.8739159173231856","PARTIAL","","failures/fractions_rational-035.png",""
"fractions_rational-036","FRACTIONS_RATIONAL","broken bar","EXTREME","SLIGHTLY_SHAKY","fraction-bar-first","TOP_RIGHT","(x+1)//(x-1)","(x+1)//(x-1)","(x+1)//(x-1)","(x+1)//(x-1)","(x+1)//(x-1)","0.8808502","3051","true","true","true","true","1.0","1.0","1.0","0.9940425097942353","PASS","","rendered-inputs",""
"fractions_rational-037","FRACTIONS_RATIONAL","slanted reverse bar","EXTREME","CLEAN_STUDENT","fraction-bar-last","CENTER_LEFT","(x+1)\(x-1)","(x+1)\(x-1)","(x+1)(x-1)","(x+1)(x-1)","(x+1)(x-1)","0.8961","2738","false","false","true","true","0.9090909090909091","1.0","1.0","0.9334413628686559","PARTIAL","","failures/fractions_rational-037.png",""
"fractions_rational-038","FRACTIONS_RATIONAL","bar written first","EXTREME","FAST_CLASSROOM","uneven-spacing","CENTER","1/(x+1)+2","1/(x+1)+2","1/(x+1)+2","1/(x+1)+2","1/(x+1)+2","0.8961","2786","true","true","true","true","1.0","1.0","1.0","0.9948049992322923","PASS","","rendered-inputs",""
"fractions_rational-039","FRACTIONS_RATIONAL","denominator first","EXTREME","SMALL_COMPACT","tilted-baseline","CENTER_RIGHT","(x+1)/(x-1)","(x+1)/(x-1)","(x+1)/(x-1)","(x+1)/(x-1)","(x+1)/(x-1)","0.8444354","2960","true","true","true","true","1.0","1.0","1.0","0.9922217696905137","PASS","","rendered-inputs",""
"fractions_rational-040","FRACTIONS_RATIONAL","crowded stacked equation","EXTREME","LARGE_BOARD","overlap-and-correction","BOTTOM_LEFT","(x+1)/(x-1)=0","(x+1)/(x-1)=0","(x+1)/(x-1)=0","(x+1)/(x-1)=0","(x+1)/(x-1)=0","0.94857997","3162","true","true","true","true","1.0","1.0","1.0","0.9974289983510972","PASS","","rendered-inputs",""
"complex_numbers-001","COMPLEX_NUMBERS","imaginary unit","EASY","CLEAN_STUDENT","normal-order","TOP_LEFT","i^2=-1","i^2=-1","i^2=-1","i^2=-1","i^2=-1","0.9311","2661","true","true","true","true","1.0","1.0","1.0","0.9965550005435945","PASS","","rendered-inputs",""
"complex_numbers-002","COMPLEX_NUMBERS","rectangular form","EASY","FAST_CLASSROOM","reverse-symbol-strokes","TOP_CENTER","z=3+4i","z=3+4i","z=3+4i","z=3+4i","z=3+4i","0.8961","2858","true","true","true","true","1.0","1.0","1.0","0.9948049992322923","PASS","","rendered-inputs",""
"complex_numbers-003","COMPLEX_NUMBERS","conjugate","EASY","SMALL_COMPACT","delayed-superscript","TOP_RIGHT","conj(z)=3-4i","conj(z)=3-4i","\cos j(z)=3-4i","cosj(z)=3-4i","\cos j(z)=3-4i","0.8961","3318","false","false","true","true","0.9166666666666666","1.0","1.0","0.9366799992322921","PARTIAL","LETTER_CONFUSION","failures/complex_numbers-003.png",""
"complex_numbers-004","COMPLEX_NUMBERS","modulus","EASY","LARGE_BOARD","fraction-bar-first","CENTER_LEFT","","","","","","","0","false","false","false","false","0.0","0.0","0.0","0.0","MANUAL_REVIEW_REQUIRED","","failures/complex_numbers-004.png","The automated stroke alphabet cannot represent this case faithfully; execute in manual Mode B."
"complex_numbers-005","COMPLEX_NUMBERS","polar form","EASY","RIGHT_SLANTED","fraction-bar-last","CENTER","z=r(cos(theta)+i*sin(theta))","z=r(cos(theta)+i*sin(theta))","z=r( \cos(+h \exp)+i \times \sin(+h \exp))","z=r(cos(+hexp)+i*sin(+hexp))","z=r( \cos(+h \exp)+i \times \sin(+h \exp))","0.810782","7234","false","false","true","true","0.7857142857142857","1.0","1.0","0.8812533864804677","PARTIAL","LETTER_CONFUSION","failures/complex_numbers-005.png",""
"complex_numbers-006","COMPLEX_NUMBERS","Euler form","EASY","LEFT_SLANTED","uneven-spacing","CENTER_RIGHT","z=r*e^{i*theta}","z=r*e^{i*theta}","","","","","3620518","false","false","false","false","0.0","0.0","0.0","0.0","TIMEOUT","TIMEOUT","failures/complex_numbers-006.png",""
"complex_numbers-007","COMPLEX_NUMBERS","Euler identity","EASY","UNEVEN_BASELINE","tilted-baseline","BOTTOM_LEFT","e^{i*pi}+1=0","e^{i*pi}+1=0","e^{ixpi}+1=0","e^(ixpi)+1=0","e^{ixpi}+1=0","0.8906769","8570","false","false","true","true","0.9","1.0","1.0","0.92928384578228","PARTIAL","LETTER_CONFUSION","failures/complex_numbers-007.png",""
"complex_numbers-008","COMPLEX_NUMBERS","complex fraction","EASY","VARIABLE_SPACING","overlap-and-correction","BOTTOM_CENTER","(2+3i)/(1-i)","(2+3i)/(1-i)","(2+3i)/(1-i)","(2+3i)/(1-i)","(2+3i)/(1-i)","0.8909889","5916","true","true","true","true","1.0","1.0","1.0","0.9945494443178178","PASS","","rendered-inputs",""
"complex_numbers-009","COMPLEX_NUMBERS","power of i","EASY","HEAVY_PRESSURE","normal-order","BOTTOM_RIGHT","i^{17}","i^{17}","i^{27}","i^(27)","i^{27}","0.92353666","3972","false","false","true","true","0.75","1.0","1.0","0.8761768329143522","PARTIAL","DIGIT_CONFUSION","failures/complex_numbers-009.png",""
"complex_numbers-010","COMPLEX_NUMBERS","real part","EASY","LIGHT_BROKEN","reverse-symbol-strokes","NEAR_BOUNDARY","Re(z)=3","Re(z)=3","e(z)=3","e(z)=3","e(z)=3","0.8811915","3799","false","false","true","true","0.8571428571428572","1.0","1.0","0.9104881460326059","PARTIAL","LETTER_CONFUSION","failures/complex_numbers-010.png",""
"complex_numbers-011","COMPLEX_NUMBERS","imaginary part","MEDIUM","ROUNDED","delayed-superscript","NEAR_TOOLBAR","Im(z)=4","Im(z)=4","M(z)=4","M(z)=4","M(z)=4","0.8299873","3798","false","false","true","true","0.8571428571428572","1.0","1.0","0.9079279358046396","PARTIAL","LETTER_CONFUSION","failures/complex_numbers-011.png",""
"complex_numbers-012","COMPLEX_NUMBERS","complex equation","MEDIUM","ANGULAR","fraction-bar-first","TOP_LEFT","z^2+4=0","z^2+4=0","z^{2}+4=0","z^(2)+4=0","z^{2}+4=0","0.886184","3899","true","true","true","true","1.0","1.0","1.0","0.9943091988563538","PASS","","rendered-inputs",""
"complex_numbers-013","COMPLEX_NUMBERS","argument","MEDIUM","CROWDED","fraction-bar-last","TOP_CENTER","arg(z)=theta","arg(z)=theta","orgia)=the to","orgia)=theto","orgia)=the to","0.70139194","3740","false","false","true","true","0.6666666666666667","1.0","1.0","0.8400695967674254","WRONG_SYMBOL","LETTER_CONFUSION","failures/complex_numbers-013.png",""
"complex_numbers-014","COMPLEX_NUMBERS","modulus identity","MEDIUM","WIDELY_SPACED","uneven-spacing","TOP_RIGHT","","","","","","","0","false","false","false","false","0.0","0.0","0.0","0.0","MANUAL_REVIEW_REQUIRED","","failures/complex_numbers-014.png","The automated stroke alphabet cannot represent this case faithfully; execute in manual Mode B."
"complex_numbers-015","COMPLEX_NUMBERS","reciprocal i","MEDIUM","OVERWRITTEN_CORRECTION","tilted-baseline","CENTER_LEFT","1/i=-i","1/i=-i","1/i=-i","1/i=-i","1/i=-i","0.9028995","3722","true","true","true","true","1.0","1.0","1.0","0.9951449751853944","PASS","","rendered-inputs",""
"complex_numbers-016","COMPLEX_NUMBERS","cube of i","MEDIUM","MIXED_CASE","overlap-and-correction","CENTER","i^3=-i","i^3=-i","i^3=-i","i^3=-i","i^3=-i","0.92820215","4071","true","true","true","true","1.0","1.0","1.0","0.99641010761261","PASS","","rendered-inputs",""
"complex_numbers-017","COMPLEX_NUMBERS","fourth power","MEDIUM","UNUSUAL_STROKE_ORDER","normal-order","CENTER_RIGHT","i^4=1","i^4=1","i^t=1","i^t=1","i^t=1","0.3608","3865","false","false","true","true","0.8","1.0","1.0","0.8630399999022483","PARTIAL","DIGIT_CONFUSION|LETTER_CONFUSION|LOW_CONFIDENCE","failures/complex_numbers-017.png",""
"complex_numbers-018","COMPLEX_NUMBERS","powered complex","MEDIUM","SLIGHTLY_SHAKY","reverse-symbol-strokes","BOTTOM_LEFT","(1+i)^2=2i","(1+i)^2=2i","(1+i)^{2}=2i","(1+i)^(2)=2i","(1+i)^{2}=2i","0.9268307","4626","true","true","true","true","1.0","1.0","1.0","0.996341535449028","PASS","","rendered-inputs",""
"complex_numbers-019","COMPLEX_NUMBERS","indexed complex","MEDIUM","CLEAN_STUDENT","delayed-superscript","BOTTOM_CENTER","z_1+z_2","z_1+z_2","z_{1}+z_{2}","z_1+z_2","z_{1}+z_{2}","0.87448823","5391","true","true","true","true","1.0","1.0","1.0","0.993724411725998","PASS","","rendered-inputs",""
"complex_numbers-020","COMPLEX_NUMBERS","complex product","MEDIUM","FAST_CLASSROOM","fraction-bar-first","BOTTOM_RIGHT","z_1*z_2","z_1*z_2","z_1 \times z_2","z_1*z_2","z_1 \times z_2","0.8961","5914","true","true","true","true","1.0","1.0","1.0","0.9948049992322923","PASS","LETTER_CONFUSION","rendered-inputs",""
"complex_numbers-021","COMPLEX_NUMBERS","complex addition","MEDIUM","SMALL_COMPACT","fraction-bar-last","NEAR_BOUNDARY","(3+4i)+(2-i)","(3+4i)+(2-i)","(3+41)+(2-1)","(3+41)+(2-1)","(3+41)+(2-1)","0.93865997","4815","false","false","true","true","0.8333333333333334","1.0","1.0","0.9031829982995987","PARTIAL","DIGIT_CONFUSION|LETTER_CONFUSION","failures/complex_numbers-021.png",""
"complex_numbers-022","COMPLEX_NUMBERS","complex subtraction","MEDIUM","LARGE_BOARD","uneven-spacing","NEAR_TOOLBAR","(3+4i)-(2-i)","(3+4i)-(2-i)","(3+4i)-(2-i}","(3+4i)-(2-i)","(3+4i)-(2-i}","0.94065666","4638","true","true","true","true","1.0","1.0","1.0","0.9970328330993653","PASS","","rendered-inputs",""
"complex_numbers-023","COMPLEX_NUMBERS","conjugate product","HARD","RIGHT_SLANTED","tilted-baseline","TOP_LEFT","(1+i)(1-i)=2","(1+i)(1-i)=2","(1+i)(1-i)=2","(1+i)(1-i)=2","(1+i)(1-i)=2","0.9713","5624","true","true","true","true","1.0","1.0","1.0","0.9985650002956391","PASS","","rendered-inputs",""
"complex_numbers-024","COMPLEX_NUMBERS","imaginary root","HARD","LEFT_SLANTED","overlap-and-correction","TOP_CENTER","sqrt(-9)=3i","sqrt(-9)=3i","sr+(-9)=31","sr+(-9)=31","sr+(-9)=31","0.9467561","4104","false","false","false","false","0.7272727272727273","0.5","0.0","0.5082468971339139","WRONG_LAYOUT","DIGIT_CONFUSION|LETTER_CONFUSION|ROOT_SCOPE_ERROR","failures/complex_numbers-024.png",""
"complex_numbers-025","COMPLEX_NUMBERS","roots of unity","HARD","UNEVEN_BASELINE","normal-order","TOP_RIGHT","z^3=1","z^3=1","z^3=1","z^3=1","z^3=1","0.9311","3993","true","true","true","true","1.0","1.0","1.0","0.9965550005435945","PASS","","rendered-inputs",""
"complex_numbers-026","COMPLEX_NUMBERS","root of unity","HARD","VARIABLE_SPACING","reverse-symbol-strokes","CENTER_LEFT","omega=e^{2*pi*i/3}","omega=e^{2*pi*i/3}","","","","","13009","false","false","false","false","0.0","0.0","0.0","0.0","TIMEOUT","TIMEOUT","failures/complex_numbers-026.png",""
"complex_numbers-027","COMPLEX_NUMBERS","degree polar","HARD","HEAVY_PRESSURE","delayed-superscript","CENTER","z=5(cos(30)+i*sin(30))","z=5(cos(30)+i*sin(30))","z=5( \cos(30)+i \times \sin(30))","z=5(cos(30)+i*sin(30))","z=5( \cos(30)+i \times \sin(30))","0.87276846","6677","true","true","true","true","1.0","1.0","1.0","0.9936384230852128","PASS","LETTER_CONFUSION","rendered-inputs",""
"complex_numbers-028","COMPLEX_NUMBERS","negative argument","HARD","LIGHT_BROKEN","fraction-bar-first","CENTER_RIGHT","z=2e^{-i*pi/4}","z=2e^{-i*pi/4}","z=2e^{-i \times pi/4}","z=2e^(-i*pi/4)","z=2e^{-i \times pi/4}","0.9311","5692","true","true","true","true","1.0","1.0","1.0","0.9965550005435945","PASS","LETTER_CONFUSION","rendered-inputs",""
"complex_numbers-029","COMPLEX_NUMBERS","nested real part","HARD","ROUNDED","fraction-bar-last","BOTTOM_LEFT","Re((2+i)/(1-i))","Re((2+i)/(1-i))","e((2+i)/(1-i))","e((2+i)/(1-i))","e((2+i)/(1-i))","0.8961","4739","false","false","true","true","0.9333333333333333","1.0","1.0","0.9438049992322922","PARTIAL","LETTER_CONFUSION","failures/complex_numbers-029.png",""
"complex_numbers-030","COMPLEX_NUMBERS","Euler imaginary part","HARD","ANGULAR","uneven-spacing","BOTTOM_CENTER","Im(e^{i*theta})","Im(e^{i*theta})","MCe^('xtheto),","MCe^('xtheto),","MCe^('xtheto),","0.5180909","4320","false","false","true","true","0.5384615384615384","1.0","1.0","0.7924430067264117","WRONG_SYMBOL","LETTER_CONFUSION|LOW_CONFIDENCE","failures/complex_numbers-030.png","Low-confidence interpretation; choose an alternative or edit before insertion."
"complex_numbers-031","COMPLEX_NUMBERS","conjugate identity","HARD","CROWDED","tilted-baseline","BOTTOM_RIGHT","conj(z_1+z_2)=conj(z_1)+conj(z_2)","conj(z_1+z_2)=conj(z_1)+conj(z_2)","CO\cap j(z_1+z_2)=CO\cap j(z_1)+CO\cap j(z_2)","CO\capj(z_1+z_2)=CO\capj(z_1)+CO\capj(z_2)","CO\cap j(z_1+z_2)=CO\cap j(z_1)+CO\cap j(z_2)","0.8731068","9710","false","false","true","true","0.7142857142857143","1.0","1.0","0.8629410531691142","WRONG_SYMBOL","LETTER_CONFUSION","failures/complex_numbers-031.png",""
"complex_numbers-032","COMPLEX_NUMBERS","modulus product","HARD","WIDELY_SPACED","overlap-and-correction","NEAR_BOUNDARY","","","","","","","0","false","false","false","false","0.0","0.0","0.0","0.0","MANUAL_REVIEW_REQUIRED","","failures/complex_numbers-032.png","The automated stroke alphabet cannot represent this case faithfully; execute in manual Mode B."
"complex_numbers-033","COMPLEX_NUMBERS","real identity","HARD","OVERWRITTEN_CORRECTION","normal-order","NEAR_TOOLBAR","z+conj(z)=2Re(z)","z+conj(z)=2Re(z)","z+ \cos z(z)=2e(z)","z+cosz(z)=2e(z)","z+ \cos z(z)=2e(z)","0.8918695","5025","false","false","true","true","0.8125","1.0","1.0","0.8933434742689131","PARTIAL","LETTER_CONFUSION","failures/complex_numbers-033.png",""
"complex_numbers-034","COMPLEX_NUMBERS","imaginary identity","HARD","MIXED_CASE","reverse-symbol-strokes","TOP_LEFT","z-conj(z)=2iIm(z)","z-conj(z)=2iIm(z)","z- \cos j(z)=z \sin(z)","z-cosj(z)=zsin(z)","z- \cos j(z)=z \sin(z)","0.8456082","5768","false","false","true","true","0.7647058823529411","1.0","1.0","0.8766921734459259","PARTIAL","DIGIT_CONFUSION|LETTER_CONFUSION","failures/complex_numbers-034.png",""
"complex_numbers-035","COMPLEX_NUMBERS","symbolic reciprocal","EXTREME","UNUSUAL_STROKE_ORDER","delayed-superscript","TOP_CENTER","1/(a+bi)","1/(a+bi)","I/Cat Dis","I/CatDis","I/Cat Dis","0.7116","4674","false","false","true","true","0.375","1.0","1.0","0.7530800002813339","WRONG_SYMBOL","DIGIT_CONFUSION|LETTER_CONFUSION","failures/complex_numbers-035.png",""
"complex_numbers-036","COMPLEX_NUMBERS","symbolic division","EXTREME","SLIGHTLY_SHAKY","fraction-bar-first","TOP_RIGHT","(a+bi)/(c+di)","(a+bi)/(c+di)","(a+bi)/cctdi)","(a+bi)/cctdi)","(a+bi)/cctdi)","0.59328","4573","false","false","true","true","0.8461538461538461","1.0","1.0","0.8913947700995665","PARTIAL","LETTER_CONFUSION","failures/complex_numbers-036.png","Low-confidence interpretation; choose an alternative or edit before insertion."
"complex_numbers-037","COMPLEX_NUMBERS","theta ambiguity","EXTREME","CLEAN_STUDENT","fraction-bar-last","CENTER_LEFT","theta=arg(3+4i)","theta=arg(3+4i)","+he+a=0 \cap g(3+4i)","+he+a=0\capg(3+4i)","+he+a=0 \cap g(3+4i)","0.78807026","5718","false","false","true","true","0.6666666666666667","1.0","1.0","0.8444035130739211","WRONG_SYMBOL","DIGIT_CONFUSION|LETTER_CONFUSION","failures/complex_numbers-037.png",""
"complex_numbers-038","COMPLEX_NUMBERS","i-l-one ambiguity","EXTREME","FAST_CLASSROOM","uneven-spacing","CENTER","i l 1","i l 1","i+1","i+1","i+1","0.8961","3415","false","false","true","true","0.6666666666666667","1.0","1.0","0.8498049992322921","WRONG_SYMBOL","LETTER_CONFUSION","failures/complex_numbers-038.png",""
"complex_numbers-039","COMPLEX_NUMBERS","bars and fraction","EXTREME","SMALL_COMPACT","tilted-baseline","CENTER_RIGHT","","","","","","","0","false","false","false","false","0.0","0.0","0.0","0.0","MANUAL_REVIEW_REQUIRED","","failures/complex_numbers-039.png","The automated stroke alphabet cannot represent this case faithfully; execute in manual Mode B."
"complex_numbers-040","COMPLEX_NUMBERS","complex quadratic","EXTREME","LARGE_BOARD","overlap-and-correction","BOTTOM_LEFT","z^2+(1-i)z+2+i=0","z^2+(1-i)z+2+i=0","z^2+(1-i)z+2+i=0","z^2+(1-i)z+2+i=0","z^2+(1-i)z+2+i=0","0.9069499","6057","true","true","true","true","1.0","1.0","1.0","0.9953474938869477","PASS","","rendered-inputs",""
"log_exp_special-001","LOG_EXP_SPECIAL","common log","EASY","CLEAN_STUDENT","normal-order","TOP_LEFT","log(x)","log(x)","log(X)","log(X)","log(X)","0.8119759","3530","true","true","true","true","1.0","1.0","1.0","0.9905987948179246","PASS","","rendered-inputs",""
"log_exp_special-002","LOG_EXP_SPECIAL","natural log","EASY","FAST_CLASSROOM","reverse-symbol-strokes","TOP_CENTER","ln(x)","ln(x)","ln(X)","ln(X)","ln(X)","0.78633237","3377","true","true","true","true","1.0","1.0","1.0","0.9893166184425355","PASS","","rendered-inputs",""
"log_exp_special-003","LOG_EXP_SPECIAL","based log","EASY","SMALL_COMPACT","delayed-superscript","TOP_RIGHT","log_2(8)=3","log_2(8)=3","\log_{2}(8)=3","log_2(8)=3","\log_{2}(8)=3","0.8946074","4630","true","true","true","true","1.0","1.0","1.0","0.9947303712368012","PASS","","rendered-inputs",""
"log_exp_special-004","LOG_EXP_SPECIAL","arbitrary base","EASY","LARGE_BOARD","fraction-bar-first","CENTER_LEFT","log_a(xy)","log_a(xy)","logy","logy","logy","0.5191823","3130","false","false","false","false","0.4444444444444444","0.0","0.0","0.21595911622047426","WRONG_STRUCTURE","LETTER_CONFUSION|SUBSCRIPT_MISSED|LOW_CONFIDENCE","failures/log_exp_special-004.png","Low-confidence interpretation; choose an alternative or edit before insertion."
"log_exp_special-005","LOG_EXP_SPECIAL","log exponential","EASY","RIGHT_SLANTED","fraction-bar-last","CENTER","ln(e^x)=x","ln(e^x)=x","\ln(e^{x})=x","ln(e^(x))=x","\ln(e^{x})=x","0.9139175","4840","true","true","true","true","1.0","1.0","1.0","0.9956958740949632","PASS","","rendered-inputs",""
"log_exp_special-006","LOG_EXP_SPECIAL","exponential","EASY","LEFT_SLANTED","uneven-spacing","CENTER_RIGHT","e^{2x+1}","e^{2x+1}","e^{2x+1}","e^(2x+1)","e^{2x+1}","0.9311","4278","true","true","true","true","1.0","1.0","1.0","0.9965550005435945","PASS","","rendered-inputs",""
"log_exp_special-007","LOG_EXP_SPECIAL","exponential equation","EASY","UNEVEN_BASELINE","tilted-baseline","BOTTOM_LEFT","2^x=16","2^x=16","2^x=16","2^x=16","2^x=16","0.9311","4015","true","true","true","true","1.0","1.0","1.0","0.9965550005435945","PASS","","rendered-inputs",""
"log_exp_special-008","LOG_EXP_SPECIAL","log difference","EASY","VARIABLE_SPACING","overlap-and-correction","BOTTOM_CENTER","log(x+1)-log(x-1)","log(x+1)-log(x-1)","\log(x+1)- \log(x-1)","log(x+1)-log(x-1)","\log(x+1)- \log(x-1)","0.8691772","5770","true","true","true","true","1.0","1.0","1.0","0.9934588611125946","PASS","","rendered-inputs",""
"log_exp_special-009","LOG_EXP_SPECIAL","pi area","EASY","HEAVY_PRESSURE","normal-order","BOTTOM_RIGHT","pi*r^2","pi*r^2","pi \times r^{2}","pi*r^(2)","pi \times r^{2}","0.8804418","4232","true","true","true","true","1.0","1.0","1.0","0.9940220892429352","PASS","LETTER_CONFUSION","rendered-inputs",""
"log_exp_special-010","LOG_EXP_SPECIAL","pi circumference","EASY","LIGHT_BROKEN","reverse-symbol-strokes","NEAR_BOUNDARY","2*pi*r","2*pi*r","2 \times pi \times r","2*pi*r","2 \times pi \times r","0.8912157","5130","true","true","true","true","1.0","1.0","1.0","0.9945607841014863","PASS","LETTER_CONFUSION","rendered-inputs",""
"log_exp_special-011","LOG_EXP_SPECIAL","infinity","MEDIUM","ROUNDED","delayed-superscript","NEAR_TOOLBAR","infinity","infinity","i +Y","i+Y","i +Y","0.58973736","3816","false","false","true","true","0.25","1.0","1.0","0.7094868677854538","WRONG_SYMBOL","LETTER_CONFUSION","failures/log_exp_special-011.png","Low-confidence interpretation; choose an alternative or edit before insertion."
"log_exp_special-012","LOG_EXP_SPECIAL","factorial","MEDIUM","ANGULAR","fraction-bar-first","TOP_LEFT","n!","n!","","","","","30252","false","false","false","false","0.0","0.0","0.0","0.0","TIMEOUT","TIMEOUT","failures/log_exp_special-012.png",""
"log_exp_special-013","LOG_EXP_SPECIAL","floor","MEDIUM","CROWDED","fraction-bar-last","TOP_CENTER","floor(x)","floor(x)","FLOORCX)","FLOORCX)","FLOORCX)","0.62228","4014","false","false","true","true","0.875","1.0","1.0","0.905176500082016","PARTIAL","LETTER_CONFUSION","failures/log_exp_special-013.png","Low-confidence interpretation; choose an alternative or edit before insertion."
"log_exp_special-014","LOG_EXP_SPECIAL","ceiling","MEDIUM","WIDELY_SPACED","uneven-spacing","TOP_RIGHT","ceil(x)","ceil(x)","Ceil(X)","Ceil(X)","Ceil(X)","0.63468","3680","true","true","true","true","1.0","1.0","1.0","0.981733998656273","PASS","","rendered-inputs","Low-confidence interpretation; choose an alternative or edit before insertion."
"log_exp_special-015","LOG_EXP_SPECIAL","base ten","MEDIUM","OVERWRITTEN_CORRECTION","tilted-baseline","CENTER_LEFT","log_10(1000)=3","log_10(1000)=3","10910110001=3","10910110001=3","10910110001=3","0.439","6567","false","false","false","false","0.5714285714285714","0.5","0.0","0.41623571481023514","WRONG_LAYOUT","DIGIT_CONFUSION|LETTER_CONFUSION|SUBSCRIPT_MISSED|OVERWRITING_ERROR|LOW_CONFIDENCE","failures/log_exp_special-015.png","Low-confidence interpretation; choose an alternative or edit before insertion."
"log_exp_special-016","LOG_EXP_SPECIAL","power identity","MEDIUM","MIXED_CASE","overlap-and-correction","CENTER","log_b(x^n)=n*log_b(x)","log_b(x^n)=n*log_b(x)","lognex)=nx logocx>","lognex)=nxlogocx>","lognex)=nx logocx>","0.45639998","7500","false","false","false","false","0.5238095238095238","0.3333333333333333","0.0","0.3467485702889306","WRONG_STRUCTURE","LETTER_CONFUSION|SUPERSCRIPT_MISSED|SUBSCRIPT_MISSED|LOW_CONFIDENCE","failures/log_exp_special-016.png","Low-confidence interpretation; choose an alternative or edit before insertion."
"log_exp_special-017","LOG_EXP_SPECIAL","product identity","MEDIUM","UNUSUAL_STROKE_ORDER","normal-order","CENTER_RIGHT","log(xy)=log(x)+log(y)","log(xy)=log(x)+log(y)","log(XY)=log(X)+log(Y)","log(XY)=log(X)+log(Y)","log(XY)=log(X)+log(Y)","0.8961","4571","true","true","true","true","1.0","1.0","1.0","0.9948049992322923","PASS","","rendered-inputs",""
"log_exp_special-018","LOG_EXP_SPECIAL","quotient identity","MEDIUM","SLIGHTLY_SHAKY","reverse-symbol-strokes","BOTTOM_LEFT","log(x/y)=log(x)-log(y)","log(x/y)=log(x)-log(y)","\log(X/Y)= \log(X)- \log(Y)","log(X/Y)=log(X)-log(Y)","\log(X/Y)= \log(X)- \log(Y)","0.86462164","5002","true","true","true","true","1.0","1.0","1.0","0.9932310819625855","PASS","","rendered-inputs",""
"log_exp_special-019","LOG_EXP_SPECIAL","zero exponent","MEDIUM","CLEAN_STUDENT","delayed-superscript","BOTTOM_CENTER","e^0=1","e^0=1","e^0=1","e^0=1","e^0=1","0.9068809","3438","true","true","true","true","1.0","1.0","1.0","0.9953440457582474","PASS","","rendered-inputs",""
"log_exp_special-020","LOG_EXP_SPECIAL","negative exponential","MEDIUM","FAST_CLASSROOM","fraction-bar-first","BOTTOM_RIGHT","e^{-x}","e^{-x}","et","et","et","0.5608","6472","false","false","false","false","0.25","0.0","0.0","0.13491500079631805","WRONG_STRUCTURE","LETTER_CONFUSION|SUPERSCRIPT_MISSED","failures/log_exp_special-020.png","Image pass unavailable; result uses digital ink and parser evidence.; Low-confidence interpretation; choose an alternative or edit before insertion."
"log_exp_special-021","LOG_EXP_SPECIAL","exp function","MEDIUM","SMALL_COMPACT","fraction-bar-last","NEAR_BOUNDARY","exp(x^2)","exp(x^2)","\exp(X^{2})","exp(X^(2))","\exp(X^{2})","0.86689246","3265","true","true","true","true","1.0","1.0","1.0","0.9933446228504181","PASS","","rendered-inputs",""
"log_exp_special-022","LOG_EXP_SPECIAL","nested log root","MEDIUM","LARGE_BOARD","uneven-spacing","NEAR_TOOLBAR","ln(sqrt(x))","ln(sqrt(x))","(MCS(+(X))","(MCS(+(X))","(MCS(+(X))","0.439","2714","false","false","false","false","0.4545454545454546","0.0","0.0","0.2162681823427027","WRONG_STRUCTURE","LETTER_CONFUSION|ROOT_SCOPE_ERROR|LOCATION_SENSITIVE|LOW_CONFIDENCE","failures/log_exp_special-022.png","Low-confidence interpretation; choose an alternative or edit before insertion."
"log_exp_special-023","LOG_EXP_SPECIAL","nested logarithm","HARD","RIGHT_SLANTED","tilted-baseline","TOP_LEFT","log(log(x))","log(log(x))","logclog(x)>","logclog(x)>","logclog(x)>","0.439","2970","false","false","true","true","0.8181818181818181","1.0","1.0","0.8724045459790662","PARTIAL","LETTER_CONFUSION|LOW_CONFIDENCE","failures/log_exp_special-023.png","Low-confidence interpretation; choose an alternative or edit before insertion."
"log_exp_special-024","LOG_EXP_SPECIAL","two natural logs","HARD","LEFT_SLANTED","overlap-and-correction","TOP_CENTER","ln(1+x)-ln(1-x)","ln(1+x)-ln(1-x)","ln(1+X)-ln(1-X)","ln(1+X)-ln(1-X)","ln(1+X)-ln(1-X)","0.8918747","4856","true","true","true","true","1.0","1.0","1.0","0.9945937335491181","PASS","","rendered-inputs",""
"log_exp_special-025","LOG_EXP_SPECIAL","general exponential","HARD","UNEVEN_BASELINE","normal-order","TOP_RIGHT","a^x=b","a^x=b","a^x=0","a^x=0","a^x=0","0.913062","3275","false","false","true","true","0.8","1.0","1.0","0.89065309882164","PARTIAL","LETTER_CONFUSION","failures/log_exp_special-025.png",""
"log_exp_special-026","LOG_EXP_SPECIAL","general logarithm","HARD","VARIABLE_SPACING","reverse-symbol-strokes","CENTER_LEFT","log_a(b)=c","log_a(b)=c","l0g_o(b)=C","l0g_o(b)=C","l0g_o(b)=C","0.5332286","4801","false","false","true","true","0.8","1.0","1.0","0.871661428809166","PARTIAL","LETTER_CONFUSION|LOW_CONFIDENCE","failures/log_exp_special-026.png","Low-confidence interpretation; choose an alternative or edit before insertion."
"log_exp_special-027","LOG_EXP_SPECIAL","inverse identity","HARD","HEAVY_PRESSURE","delayed-superscript","CENTER","e^{ln(x)}=x","e^{ln(x)}=x","e^{ \ln(x)}=x","e^(ln(x))=x","e^{ \ln(x)}=x","0.8770793","3567","true","true","true","true","1.0","1.0","1.0","0.9938539654016495","PASS","","rendered-inputs",""
"log_exp_special-028","LOG_EXP_SPECIAL","compound exponential","HARD","LIGHT_BROKEN","fraction-bar-first","CENTER_RIGHT","ln(e^{x+y})","ln(e^{x+y})","1\cap(e^{x+y})","1\cap(e^(x+y))","1\cap(e^{x+y})","0.8666154","3570","false","false","true","true","0.5833333333333333","1.0","1.0","0.8233307707309723","WRONG_SYMBOL","LETTER_CONFUSION","failures/log_exp_special-028.png",""
"log_exp_special-029","LOG_EXP_SPECIAL","pi approximation","HARD","ROUNDED","fraction-bar-last","BOTTOM_LEFT","pi~=3.14159","pi~=3.14159","p_{i}=3.14159","p_i=3.14159","p_{i}=3.14159","0.8774896","3461","false","false","true","true","0.8181818181818181","1.0","1.0","0.8943290267749265","PARTIAL","","failures/log_exp_special-029.png",""
"log_exp_special-030","LOG_EXP_SPECIAL","limit target infinity","HARD","ANGULAR","uneven-spacing","BOTTOM_CENTER","x->infinity","x->infinity","x->infinity","x->infinity","x->infinity","0.59328","4128","true","true","true","true","1.0","1.0","1.0","0.9796640008687973","PASS","","rendered-inputs","Low-confidence interpretation; choose an alternative or edit before insertion."
"log_exp_special-031","LOG_EXP_SPECIAL","factorial group","HARD","CROWDED","tilted-baseline","BOTTOM_RIGHT","(n+1)!","(n+1)!","(1+1)!","(1+1)!","(1+1)!","0.7116","4082","false","false","true","true","0.8333333333333334","1.0","1.0","0.8918300002813339","PARTIAL","DIGIT_CONFUSION|LETTER_CONFUSION","failures/log_exp_special-031.png",""
"log_exp_special-032","LOG_EXP_SPECIAL","double factorial","HARD","WIDELY_SPACED","overlap-and-correction","NEAR_BOUNDARY","n!!","n!!","","","","","30741","false","false","false","false","0.0","0.0","0.0","0.0","TIMEOUT","TIMEOUT","failures/log_exp_special-032.png",""
"log_exp_special-033","LOG_EXP_SPECIAL","gamma factorial","HARD","OVERWRITTEN_CORRECTION","normal-order","NEAR_TOOLBAR","Gamma(n)=(n-1)!","Gamma(n)=(n-1)!","amma(n)=(n-1)","amma(n)=(n-1)","amma(n)=(n-1)","0.439","3021","false","false","true","true","0.8666666666666667","1.0","1.0","0.892450000524521","PARTIAL","LETTER_CONFUSION|LOW_CONFIDENCE","failures/log_exp_special-033.png","Low-confidence interpretation; choose an alternative or edit before insertion."
"log_exp_special-034","LOG_EXP_SPECIAL","negative floor","HARD","MIXED_CASE","reverse-symbol-strokes","TOP_LEFT","floor(-1.2)=-2","floor(-1.2)=-2","F100 \Gamma(-1.2)=-2","F100\Gamma(-1.2)=-2","F100 \Gamma(-1.2)=-2","0.8414454","3750","false","false","true","true","0.5263157894736843","1.0","1.0","0.8049670061625933","WRONG_SYMBOL","DIGIT_CONFUSION|LETTER_CONFUSION","failures/log_exp_special-034.png",""
"log_exp_special-035","LOG_EXP_SPECIAL","negative ceiling","EXTREME","UNUSUAL_STROKE_ORDER","delayed-superscript","TOP_CENTER","ceil(-1.2)=-1","ceil(-1.2)=-1","\mathrm{ceil}(-1,2)=-1","\mathrm(ceil)(-1,2)=-1","\mathrm{ceil}(-1,2)=-1","0.83659756","4132","false","false","true","true","0.5454545454545454","1.0","1.0","0.8104662417281757","WRONG_SYMBOL","LETTER_CONFUSION","failures/log_exp_special-035.png",""
"log_exp_special-036","LOG_EXP_SPECIAL","two based logs","EXTREME","SLIGHTLY_SHAKY","fraction-bar-first","TOP_RIGHT","log_2(x)+log_2(x-1)=3","log_2(x)+log_2(x-1)=3","log_2(X)+log_2(X-1)=3","log_2(X)+log_2(X-1)=3","log_2(X)+log_2(X-1)=3","0.8461703","5064","true","true","true","true","1.0","1.0","1.0","0.9923085153102875","PASS","","rendered-inputs",""
"log_exp_special-037","LOG_EXP_SPECIAL","two exponentials","EXTREME","CLEAN_STUDENT","fraction-bar-last","CENTER_LEFT","2^x+2^{x+1}=12","2^x+2^{x+1}=12","2^{x}+2^{x+1}=12","2^(x)+2^(x+1)=12","2^{x}+2^{x+1}=12","0.9311","4578","true","true","true","true","1.0","1.0","1.0","0.9965550005435945","PASS","","rendered-inputs",""
"log_exp_special-038","LOG_EXP_SPECIAL","complex exponential","EXTREME","FAST_CLASSROOM","uneven-spacing","CENTER","e^{i*pi}+1=0","e^{i*pi}+1=0","e^{ixpi}+1=0","e^(ixpi)+1=0","e^{ixpi}+1=0","0.9099519","3882","false","false","true","true","0.9","1.0","1.0","0.9302475962638855","PARTIAL","LETTER_CONFUSION","failures/log_exp_special-038.png",""
"log_exp_special-039","LOG_EXP_SPECIAL","infinity-eight confusion","EXTREME","SMALL_COMPACT","tilted-baseline","CENTER_RIGHT","infinity/8","infinity/8","inity/8","inity/8","inity/8","0.6618733","2954","false","false","true","true","0.7","1.0","1.0","0.8480936640501022","WRONG_SYMBOL","LETTER_CONFUSION","failures/log_exp_special-039.png",""
"log_exp_special-040","LOG_EXP_SPECIAL","joined natural log","EXTREME","LARGE_BOARD","overlap-and-correction","BOTTOM_LEFT","lnx","lnx","LAX","LAX","LAX","0.439","3390","false","false","true","true","0.6666666666666667","1.0","1.0","0.8269500005245208","WRONG_SYMBOL","LETTER_CONFUSION|LOW_CONFIDENCE","failures/log_exp_special-040.png","Image pass unavailable; result uses digital ink and parser evidence.; Low-confidence interpretation; choose an alternative or edit before insertion."
"trigonometry-001","TRIGONOMETRY","sine","EASY","CLEAN_STUDENT","normal-order","TOP_LEFT","sin(theta)","sin(theta)","sin(theta)","sin(theta)","sin(theta)","0.439","3577","true","true","true","true","1.0","1.0","1.0","0.971950000524521","PASS","LOW_CONFIDENCE","rendered-inputs","Low-confidence interpretation; choose an alternative or edit before insertion."
"trigonometry-002","TRIGONOMETRY","cosine","EASY","FAST_CLASSROOM","reverse-symbol-strokes","TOP_CENTER","cos(x)","cos(x)","\cos(X)","cos(X)","\cos(X)","0.89437026","2936","true","true","true","true","1.0","1.0","1.0","0.9947185128927232","PASS","","rendered-inputs",""
"trigonometry-003","TRIGONOMETRY","tangent degrees","EASY","SMALL_COMPACT","delayed-superscript","TOP_RIGHT","tan(45deg)","tan(45deg)","\tan(450) \times","tan(450)*","\tan(450) \times","0.6712437","3983","false","false","true","true","0.6","1.0","1.0","0.8185621863603592","WRONG_SYMBOL","DIGIT_CONFUSION|LETTER_CONFUSION","failures/trigonometry-003.png",""
"trigonometry-004","TRIGONOMETRY","Pythagorean identity","EASY","LARGE_BOARD","fraction-bar-first","CENTER_LEFT","sin^2(x)+cos^2(x)=1","sin^2(x)+cos^2(x)=1","\sin^2(X)+ \cos^2(X)=1","sin^2(X)+cos^2(X)=1","\sin^2(X)+ \cos^2(X)=1","0.9311","4385","true","true","true","true","1.0","1.0","1.0","0.9965550005435945","PASS","","rendered-inputs",""
"trigonometry-005","TRIGONOMETRY","tangent quotient","EASY","RIGHT_SLANTED","fraction-bar-last","CENTER","tan(x)=sin(x)/cos(x)","tan(x)=sin(x)/cos(x)","\tan(x)= \sin(x)/ \cos(x)","tan(x)=sin(x)/cos(x)","\tan(x)= \sin(x)/ \cos(x)","0.852533","4386","true","true","true","true","1.0","1.0","1.0","0.9926266491413117","PASS","","rendered-inputs",""
"trigonometry-006","TRIGONOMETRY","secant identity","EASY","LEFT_SLANTED","uneven-spacing","CENTER_RIGHT","sec^2(x)-tan^2(x)=1","sec^2(x)-tan^2(x)=1","\sec^{2}(X)- \tan^{2}(X)=1","sec^(2)(X)-tan^(2)(X)=1","\sec^{2}(X)- \tan^{2}(X)=1","0.92031115","4530","true","true","true","true","1.0","1.0","1.0","0.9960155576467514","PASS","","rendered-inputs",""
"trigonometry-007","TRIGONOMETRY","double angle sine","EASY","UNEVEN_BASELINE","tilted-baseline","BOTTOM_LEFT","sin(2x)=2sin(x)cos(x)","sin(2x)=2sin(x)cos(x)","sin(2x)=2sin(x)cos(x)","sin(2x)=2sin(x)cos(x)","sin(2x)=2sin(x)cos(x)","0.9807116","5122","true","true","true","true","1.0","1.0","1.0","0.9990355789661408","PASS","","rendered-inputs",""
"trigonometry-008","TRIGONOMETRY","double angle cosine","EASY","VARIABLE_SPACING","overlap-and-correction","BOTTOM_CENTER","cos(2x)=cos^2(x)-sin^2(x)","cos(2x)=cos^2(x)-sin^2(x)","\cos(2x)=\cos^{2}(x)-\sin^{2}(x)","cos(2x)=cos^(2)(x)-sin^(2)(x)","\cos(2x)=\cos^{2}(x)-\sin^{2}(x)","0.9049175","5786","true","true","true","true","1.0","1.0","1.0","0.9952458739280702","PASS","","rendered-inputs",""
"trigonometry-009","TRIGONOMETRY","inverse sine","EASY","HEAVY_PRESSURE","normal-order","BOTTOM_RIGHT","asin(1/2)=30deg","asin(1/2)=30deg","0.5 \sin(1/2)=30.069","0.5sin(1/2)=30.069","0.5 \sin(1/2)=30.069","0.80424935","4933","false","false","true","true","0.6111111111111112","1.0","1.0","0.8285458006461461","WRONG_SYMBOL","DIGIT_CONFUSION|LETTER_CONFUSION","failures/trigonometry-009.png",""
"trigonometry-010","TRIGONOMETRY","radian angle","EASY","LIGHT_BROKEN","reverse-symbol-strokes","NEAR_BOUNDARY","theta=pi/4","theta=pi/4","+ne+o=pi/4","+ne+o=pi/4","+ne+o=pi/4","0.8514904","3689","false","false","true","true","0.6","1.0","1.0","0.827574518918991","WRONG_SYMBOL","LETTER_CONFUSION","failures/trigonometry-010.png",""
"trigonometry-011","TRIGONOMETRY","triangle angles","MEDIUM","ROUNDED","delayed-superscript","NEAR_TOOLBAR","A+B+C=180deg","A+B+C=180deg","+c=180 \alpha","+c=180\alpha","+c=180 \alpha","0.6692077","3728","false","false","true","true","0.25","1.0","1.0","0.713460384607315","WRONG_SYMBOL","LETTER_CONFUSION","failures/trigonometry-011.png",""
"trigonometry-012","TRIGONOMETRY","cosecant","MEDIUM","ANGULAR","fraction-bar-first","TOP_LEFT","csc(x)=1/sin(x)","csc(x)=1/sin(x)","\csc(x)=1/ \sin(x)","csc(x)=1/sin(x)","\csc(x)=1/ \sin(x)","0.844412","5157","true","true","true","true","1.0","1.0","1.0","0.9922206014394761","PASS","","rendered-inputs",""
"trigonometry-013","TRIGONOMETRY","secant","MEDIUM","CROWDED","fraction-bar-last","TOP_CENTER","sec(x)=1/cos(x)","sec(x)=1/cos(x)","sec(x)=1/cos(x)","sec(x)=1/cos(x)","sec(x)=1/cos(x)","0.92094433","4497","true","true","true","true","1.0","1.0","1.0","0.9960472166538239","PASS","","rendered-inputs",""
"trigonometry-014","TRIGONOMETRY","cotangent","MEDIUM","WIDELY_SPACED","uneven-spacing","TOP_RIGHT","cot(x)=1/tan(x)","cot(x)=1/tan(x)","\cot(X)=1/ \tan(X)","cot(X)=1/tan(X)","\cot(X)=1/ \tan(X)","0.871517","5289","true","true","true","true","1.0","1.0","1.0","0.9935758501291275","PASS","","rendered-inputs",""
"trigonometry-015","TRIGONOMETRY","odd identity","MEDIUM","OVERWRITTEN_CORRECTION","tilted-baseline","CENTER_LEFT","sin(-x)=-sin(x)","sin(-x)=-sin(x)","sin(-x)=-sin(x)","sin(-x)=-sin(x)","sin(-x)=-sin(x)","0.9786127","4591","true","true","true","true","1.0","1.0","1.0","0.998930636048317","PASS","","rendered-inputs",""
"trigonometry-016","TRIGONOMETRY","even identity","MEDIUM","MIXED_CASE","overlap-and-correction","CENTER","cos(-x)=cos(x)","cos(-x)=cos(x)","\cos(-x)= \cos(x)","cos(-x)=cos(x)","\cos(-x)= \cos(x)","0.8961","4245","true","true","true","true","1.0","1.0","1.0","0.9948049992322923","PASS","","rendered-inputs",""
"trigonometry-017","TRIGONOMETRY","periodicity","MEDIUM","UNUSUAL_STROKE_ORDER","normal-order","CENTER_RIGHT","tan(x+pi)=tan(x)","tan(x+pi)=tan(x)","tonixtois=\tan(x)","tonixtois=tan(x)","tonixtois=\tan(x)","0.6362","5984","false","false","true","true","0.6875","1.0","1.0","0.843060000538826","WRONG_SYMBOL","LETTER_CONFUSION","failures/trigonometry-017.png","Low-confidence interpretation; choose an alternative or edit before insertion."
"trigonometry-018","TRIGONOMETRY","phase identity","MEDIUM","SLIGHTLY_SHAKY","reverse-symbol-strokes","BOTTOM_LEFT","sin(x+pi/2)=cos(x)","sin(x+pi/2)=cos(x)","Sans","Sans","Sans","0.439","6372","false","false","false","false","0.16666666666666663","0.0","0.0","0.09320000052452085","WRONG_STRUCTURE","DIGIT_CONFUSION|LETTER_CONFUSION|FRACTION_MISREAD|STROKE_ORDER_SENSITIVE|LOW_CONFIDENCE","failures/trigonometry-018.png","Low-confidence interpretation; choose an alternative or edit before insertion."
"trigonometry-019","TRIGONOMETRY","phase cosine","MEDIUM","CLEAN_STUDENT","delayed-superscript","BOTTOM_CENTER","cos(x+pi/2)=-sin(x)","cos(x+pi/2)=-sin(x)","cos(x+pi/2)=-sin(x)","cos(x+pi/2)=-sin(x)","cos(x+pi/2)=-sin(x)","1.0","5000","true","true","true","true","1.0","1.0","1.0","1.0","PASS","","rendered-inputs",""
"trigonometry-020","TRIGONOMETRY","addition formula","MEDIUM","FAST_CLASSROOM","fraction-bar-first","BOTTOM_RIGHT","sin(a+b)=sin(a)cos(b)+cos(a)sin(b)","sin(a+b)=sin(a)cos(b)+cos(a)sin(b)","\sin(a+b)= \sin(a) \cos(b)+ \cos(a) \sin(b)","sin(a+b)=sin(a)cos(b)+cos(a)sin(b)","\sin(a+b)= \sin(a) \cos(b)+ \cos(a) \sin(b)","0.8901398","9332","true","true","true","true","1.0","1.0","1.0","0.9945069909095765","PASS","","rendered-inputs",""
"trigonometry-021","TRIGONOMETRY","cosine addition","MEDIUM","SMALL_COMPACT","fraction-bar-last","NEAR_BOUNDARY","cos(a+b)=cos(a)cos(b)-sin(a)sin(b)","cos(a+b)=cos(a)cos(b)-sin(a)sin(b)","\cos(a+b)= \cos(a) \cos(b)- \sin(a) \sin(b)","cos(a+b)=cos(a)cos(b)-sin(a)sin(b)","\cos(a+b)= \cos(a) \cos(b)- \sin(a) \sin(b)","0.8961","8867","true","true","true","true","1.0","1.0","1.0","0.9948049992322923","PASS","","rendered-inputs",""
"trigonometry-022","TRIGONOMETRY","tangent addition","MEDIUM","LARGE_BOARD","uneven-spacing","NEAR_TOOLBAR","tan(a+b)=(tan(a)+tan(b))/(1-tan(a)tan(b))","tan(a+b)=(tan(a)+tan(b))/(1-tan(a)tan(b))","\tan(a+b)=( \tan(a)+ \tan(b)) \div(1- \tan(a) \tan(b))","tan(a+b)=(tan(a)+tan(b))/(1-tan(a)tan(b))","\tan(a+b)=( \tan(a)+ \tan(b)) \div(1- \tan(a) \tan(b))","0.8472919","8607","true","true","false","false","1.0","0.5","0.0","0.6423645943403243","WRONG_LAYOUT","LETTER_CONFUSION|FRACTION_MISREAD|LOCATION_SENSITIVE","failures/trigonometry-022.png",""
"trigonometry-023","TRIGONOMETRY","half angle","HARD","RIGHT_SLANTED","tilted-baseline","TOP_LEFT","sin(x/2)^2=(1-cos(x))/2","sin(x/2)^2=(1-cos(x))/2","\sin(x/2)^{2}=(1- \cos(x))/2","sin(x/2)^(2)=(1-cos(x))/2","\sin(x/2)^{2}=(1- \cos(x))/2","0.90864295","5772","true","true","true","true","1.0","1.0","1.0","0.9954321473836899","PASS","","rendered-inputs",""
"trigonometry-024","TRIGONOMETRY","half angle","HARD","LEFT_SLANTED","overlap-and-correction","TOP_CENTER","cos(x/2)^2=(1+cos(x))/2","cos(x/2)^2=(1+cos(x))/2","\cos(X/2)^2=(1+ \cos(X))/2","cos(X/2)^2=(1+cos(X))/2","\cos(X/2)^2=(1+ \cos(X))/2","0.9240454","5528","true","true","true","true","1.0","1.0","1.0","0.9962022691965103","PASS","","rendered-inputs",""
"trigonometry-025","TRIGONOMETRY","triple angle","HARD","UNEVEN_BASELINE","normal-order","TOP_RIGHT","sin(3x)=3sin(x)-4sin^3(x)","sin(3x)=3sin(x)-4sin^3(x)","S \cap(3X)=3S \cap(X)=4S \cap(X)","S\cap(3X)=3S\cap(X)=4S\cap(X)","S \cap(3X)=3S \cap(X)=4S \cap(X)","0.8107996","6366","false","false","false","false","0.5517241379310345","0.5","0.0","0.4264020489002096","WRONG_LAYOUT","DIGIT_CONFUSION|LETTER_CONFUSION|SUPERSCRIPT_MISSED","failures/trigonometry-025.png",""
"trigonometry-026","TRIGONOMETRY","triple cosine","HARD","VARIABLE_SPACING","reverse-symbol-strokes","CENTER_LEFT","cos(3x)=4cos^3(x)-3cos(x)","cos(3x)=4cos^3(x)-3cos(x)","\cos(3X)=4 \cos^3(X)-3 \cos(X)","cos(3X)=4cos^3(X)-3cos(X)","\cos(3X)=4 \cos^3(X)-3 \cos(X)","0.9195223","5603","true","true","true","true","1.0","1.0","1.0","0.9959761142730713","PASS","","rendered-inputs",""
"trigonometry-027","TRIGONOMETRY","inverse tangent","HARD","HEAVY_PRESSURE","delayed-superscript","CENTER","arctan(1)=pi/4","arctan(1)=pi/4","arc+an(1)=p_{i}/4","arc+an(1)=p_i/4","arc+an(1)=p_{i}/4","0.6969002","4286","false","false","true","true","0.8666666666666667","1.0","1.0","0.9053450094461442","PARTIAL","LETTER_CONFUSION","failures/trigonometry-027.png",""
"trigonometry-028","TRIGONOMETRY","inverse notation","HARD","LIGHT_BROKEN","fraction-bar-first","CENTER_RIGHT","sin^{-1}(x)","sin^{-1}(x)","\sin^{-1}(x)","sin^(-1)(x)","\sin^{-1}(x)","0.922325","2981","true","true","true","true","1.0","1.0","1.0","0.9961162507534028","PASS","","rendered-inputs",""
"trigonometry-029","TRIGONOMETRY","cosecant identity","HARD","ROUNDED","fraction-bar-last","BOTTOM_LEFT","csc^2(x)=1+cot^2(x)","csc^2(x)=1+cot^2(x)","(Sc(x)=1+CO+2(X)","(Sc(x)=1+CO+2(X)","(Sc(x)=1+CO+2(X)","0.439","6419","false","false","false","false","0.736842105263158","0.5","0.0","0.486950000524521","WRONG_LAYOUT","DIGIT_CONFUSION|LETTER_CONFUSION|SUPERSCRIPT_MISSED|LOW_CONFIDENCE","failures/trigonometry-029.png","Low-confidence interpretation; choose an alternative or edit before insertion."
"trigonometry-030","TRIGONOMETRY","tangent identity","HARD","ANGULAR","uneven-spacing","BOTTOM_CENTER","1+tan^2(x)=sec^2(x)","1+tan^2(x)=sec^2(x)","1+0\cap^{2}(X)=sec^{2}(X)","1+0\cap^(2)(X)=sec^(2)(X)","1+0\cap^{2}(X)=sec^{2}(X)","0.7716464","5002","false","false","true","true","0.8095238095238095","1.0","1.0","0.8864394618783679","PARTIAL","DIGIT_CONFUSION|LETTER_CONFUSION","failures/trigonometry-030.png",""
"trigonometry-031","TRIGONOMETRY","trig fraction","HARD","CROWDED","tilted-baseline","BOTTOM_RIGHT","sin(x)/x","sin(x)/x","\sin(x)/x","sin(x)/x","\sin(x)/x","0.8961","3565","true","true","true","true","1.0","1.0","1.0","0.9948049992322923","PASS","","rendered-inputs",""
"trigonometry-032","TRIGONOMETRY","cosine fraction","HARD","WIDELY_SPACED","overlap-and-correction","NEAR_BOUNDARY","(1-cos(x))/x^2","(1-cos(x))/x^2","(1- \cos(X))/X^2","(1-cos(X))/X^2","(1- \cos(X))/X^2","0.9311","4355","true","true","true","true","1.0","1.0","1.0","0.9965550005435945","PASS","","rendered-inputs",""
"trigonometry-033","TRIGONOMETRY","indexed Greek angles","HARD","OVERWRITTEN_CORRECTION","normal-order","NEAR_TOOLBAR","theta_1+theta_2","theta_1+theta_2","+ \!ne+o_2","+\!ne+o_2","+ \!ne+o_2","0.5964784","3784","false","false","true","true","0.19999999999999996","1.0","1.0","0.6948239201307297","WRONG_SYMBOL","DIGIT_CONFUSION|LETTER_CONFUSION","failures/trigonometry-033.png","Low-confidence interpretation; choose an alternative or edit before insertion."
"trigonometry-034","TRIGONOMETRY","Greek angle sum","HARD","MIXED_CASE","reverse-symbol-strokes","TOP_LEFT","alpha+beta=gamma","alpha+beta=gamma","","","","","29171","false","false","false","false","0.0","0.0","0.0","0.0","TIMEOUT","TIMEOUT","failures/trigonometry-034.png",""
"trigonometry-035","TRIGONOMETRY","unparenthesized sine power","EXTREME","UNUSUAL_STROKE_ORDER","delayed-superscript","TOP_CENTER","sin^2 theta","sin^2 theta","sin^?theta","sin^?theta","sin^?theta","0.81667995","2900","false","false","true","true","0.9","1.0","1.0","0.9255839977264405","PARTIAL","DIGIT_CONFUSION","failures/trigonometry-035.png",""
"trigonometry-036","TRIGONOMETRY","ambiguous inverse","EXTREME","SLIGHTLY_SHAKY","fraction-bar-first","TOP_RIGHT","sin -1 x","sin -1 x","\sin \theta","sintheta","\sin \theta","0.73214525","2690","false","false","true","true","0.375","1.0","1.0","0.7541072624921799","WRONG_SYMBOL","DIGIT_CONFUSION|LETTER_CONFUSION","failures/trigonometry-036.png",""
"trigonometry-037","TRIGONOMETRY","crowded function tokens","EXTREME","CLEAN_STUDENT","fraction-bar-last","CENTER_LEFT","2sinxcosx","2sinxcosx",".25",".25",".25","0.6227977","2552","false","false","true","true","0.0","1.0","1.0","0.6361398863792419","WRONG_SYMBOL","DIGIT_CONFUSION|LETTER_CONFUSION","failures/trigonometry-037.png","Low-confidence interpretation; choose an alternative or edit before insertion."
"trigonometry-038","TRIGONOMETRY","joined tangent","EXTREME","FAST_CLASSROOM","uneven-spacing","CENTER","tanx=1","tanx=1","tanx=1","tanx=1","tanx=1","0.94857997","3048","true","true","true","true","1.0","1.0","1.0","0.9974289983510972","PASS","","rendered-inputs",""
"trigonometry-039","TRIGONOMETRY","multiline trigonometry","EXTREME","SMALL_COMPACT","tilted-baseline","CENTER_RIGHT","sin(x)+\ncos(x)","sin(x)+\ncos(x)","sin(X)+;cos(X)","sin(X)+;cos(X)","sin(X)+;cos(X)","0.91137457","6069","false","false","true","true","0.9285714285714286","1.0","1.0","0.9425330141612461","PARTIAL","","failures/trigonometry-039.png","Recognized as 2 spatially separate equation lines."
"trigonometry-040","TRIGONOMETRY","alternate double angle","EXTREME","LARGE_BOARD","overlap-and-correction","BOTTOM_LEFT","cos(2x)=1-2sin^2(x)","cos(2x)=1-2sin^2(x)","\cos(2x)=1-2 \sin^2(x)","cos(2x)=1-2sin^2(x)","\cos(2x)=1-2 \sin^2(x)","0.9188449","4713","true","true","true","true","1.0","1.0","1.0","0.9959422439336777","PASS","","rendered-inputs",""
"calculus-001","CALCULUS","limit","EASY","CLEAN_STUDENT","normal-order","TOP_LEFT","lim_{x->0} sin(x)/x=1","lim_{x->0} sin(x)/x=1","lim_(x-s)osin(x)/x=1","lim_(x-s)osin(x)/x=1","lim_(x-s)osin(x)/x=1","0.5550329","5238","false","false","false","true","0.8888888888888888","0.75","1.0","0.8327516454458236","PARTIAL","DIGIT_CONFUSION|LETTER_CONFUSION|FRACTION_MISREAD","failures/calculus-001.png","Low-confidence interpretation; choose an alternative or edit before insertion."
"calculus-002","CALCULUS","first derivative","EASY","FAST_CLASSROOM","reverse-symbol-strokes","TOP_CENTER","dy/dx","dy/dx","\frac{ \mathrm{d}Y}{ \mathrm{d}X}","\frac(\mathrm(d)Y)(\mathrm(d)X)","\frac{ \mathrm{d}Y}{ \mathrm{d}X}","0.8272443","4790","false","false","true","true","0.12903225806451613","1.0","1.0","0.6850718915077948","WRONG_SYMBOL","LETTER_CONFUSION","failures/calculus-002.png",""
"calculus-003","CALCULUS","second derivative","EASY","SMALL_COMPACT","delayed-superscript","TOP_RIGHT","d^2y/dx^2","d^2y/dx^2","d^2Y/dx^2","d^2Y/dx^2","d^2Y/dx^2","0.9042963","3260","true","true","true","true","1.0","1.0","1.0","0.9952148139476776","PASS","","rendered-inputs",""
"calculus-004","CALCULUS","partial derivative","EASY","LARGE_BOARD","fraction-bar-first","CENTER_LEFT","partial(z)/partial(x)","partial(z)/partial(x)","Portiacalipertially)","Portiacalipertially)","Portiacalipertially)","0.439","6373","false","false","false","false","0.5714285714285714","0.0","0.0","0.2662357148102351","WRONG_STRUCTURE","LETTER_CONFUSION|FRACTION_MISREAD|LOW_CONFIDENCE","failures/calculus-004.png","Low-confidence interpretation; choose an alternative or edit before insertion."
"calculus-005","CALCULUS","prime derivative","EASY","RIGHT_SLANTED","fraction-bar-last","CENTER","f'(x)","f'(x)","f(X)","f(X)","f(X)","0.96368396","2582","false","false","true","true","0.8","1.0","1.0","0.893184198141098","PARTIAL","","failures/calculus-005.png",""
"calculus-006","CALCULUS","indefinite integral","EASY","LEFT_SLANTED","uneven-spacing","CENTER_RIGHT","int x^2 dx","int x^2 dx","intx^2dx","intx^2dx","intx^2dx","0.91698825","2899","true","true","true","true","1.0","1.0","1.0","0.9958494126796723","PASS","","rendered-inputs",""
"calculus-007","CALCULUS","definite integral","EASY","UNEVEN_BASELINE","tilted-baseline","BOTTOM_LEFT","int_0^1 x^2 dx","int_0^1 x^2 dx","in+o^{1}x^{2}dx","in+o^(1)x^(2)dx","in+o^{1}x^{2}dx","0.8566188","3930","false","false","false","false","0.75","0.3333333333333333","0.5","0.5634559410810469","WRONG_STRUCTURE","DIGIT_CONFUSION|LETTER_CONFUSION|SUBSCRIPT_MISSED","failures/calculus-007.png",""
"calculus-008","CALCULUS","double integral","EASY","VARIABLE_SPACING","overlap-and-correction","BOTTOM_CENTER","int int_R f(x,y)dA","int int_R f(x,y)dA","in+r(X,Y)d","in+r(X,Y)d","in+r(X,Y)d","0.72845685","3480","false","false","false","false","0.5625","0.0","0.0","0.27689159274101255","WRONG_STRUCTURE","LETTER_CONFUSION|SUBSCRIPT_MISSED","failures/calculus-008.png",""
"calculus-009","CALCULUS","differential equation","EASY","HEAVY_PRESSURE","normal-order","BOTTOM_RIGHT","dy/dx+y=e^x","dy/dx+y=e^x","dY/dX+Y=e^{X}","dY/dX+Y=e^(X)","dY/dX+Y=e^{X}","0.88713056","3481","true","true","true","true","1.0","1.0","1.0","0.9943565279245378","PASS","","rendered-inputs",""
"calculus-010","CALCULUS","summation","EASY","LIGHT_BROKEN","reverse-symbol-strokes","NEAR_BOUNDARY","sum_{i=1}^n i","sum_{i=1}^n i","SIMU","SIMU","SIMU","0.439","3766","false","false","false","false","0.19999999999999996","0.0","0.0","0.10745000052452086","WRONG_STRUCTURE","DIGIT_CONFUSION|LETTER_CONFUSION|SUPERSCRIPT_MISSED|SUBSCRIPT_MISSED|LOCATION_SENSITIVE|STROKE_ORDER_SENSITIVE|LOW_CONFIDENCE","failures/calculus-010.png","Image pass unavailable; result uses digital ink and parser evidence.; Low-confidence interpretation; choose an alternative or edit before insertion."
"calculus-011","CALCULUS","product","MEDIUM","ROUNDED","delayed-superscript","NEAR_TOOLBAR","prod_{i=1}^n a_i","prod_{i=1}^n a_i","prodi_(zt)^""01","prodi_(zt)^""01","prodi_(zt)^""01","0.48710486","5718","false","false","false","true","0.3846153846153846","0.6666666666666666","1.0","0.6097398585310349","WRONG_SYMBOL","DIGIT_CONFUSION|LETTER_CONFUSION|LOW_CONFIDENCE","failures/calculus-011.png","Low-confidence interpretation; choose an alternative or edit before insertion."
"calculus-012","CALCULUS","divergence","MEDIUM","ANGULAR","fraction-bar-first","TOP_LEFT","nabla dot F","nabla dot F","nable dot","nabledot","nable dot","0.82295996","2603","false","false","true","true","0.7777777777777778","1.0","1.0","0.8794813313086828","PARTIAL","LETTER_CONFUSION","failures/calculus-012.png",""
"calculus-013","CALCULUS","curl","MEDIUM","CROWDED","fraction-bar-last","TOP_CENTER","nabla cross F","nabla cross F","nable cross","nablecross","nable cross","0.62924004","5040","false","false","true","true","0.8181818181818181","1.0","1.0","0.8819165472550825","PARTIAL","LETTER_CONFUSION","failures/calculus-013.png","Low-confidence interpretation; choose an alternative or edit before insertion."
"calculus-014","CALCULUS","sequence limit","MEDIUM","WIDELY_SPACED","uneven-spacing","TOP_RIGHT","lim_{n->infinity}(1+1/n)^n=e","lim_{n->infinity}(1+1/n)^n=e","lima-infinity(1+1/1)=e","lima-infinity(1+1/1)=e","lima-infinity(1+1/1)=e","0.439","7892","false","false","false","false","0.7692307692307692","0.4","0.3333333333333333","0.5374628210373413","WRONG_STRUCTURE","DIGIT_CONFUSION|LETTER_CONFUSION|SUPERSCRIPT_MISSED|SUBSCRIPT_MISSED|FRACTION_MISREAD|LOW_CONFIDENCE","failures/calculus-014.png","Low-confidence interpretation; choose an alternative or edit before insertion."
"calculus-015","CALCULUS","power rule","MEDIUM","OVERWRITTEN_CORRECTION","tilted-baseline","CENTER_LEFT","d/dx(x^n)=nx^{n-1}","d/dx(x^n)=nx^{n-1}","d( \mathrm{d}X \times X^n)=nX^{n-1}","d(\mathrm(d)X*X^n)=nX^(n-1)","d( \mathrm{d}X \times X^n)=nX^{n-1}","0.8416515","7385","false","false","false","false","0.56","0.6666666666666666","0.5","0.5814825749635696","WRONG_LAYOUT","LETTER_CONFUSION|FRACTION_MISREAD|OVERWRITING_ERROR","failures/calculus-015.png",""
"calculus-016","CALCULUS","trig derivative","MEDIUM","MIXED_CASE","overlap-and-correction","CENTER","d/dx sin(x)=cos(x)","d/dx sin(x)=cos(x)","d/dX \sin(X)= \cos(X)","d/dXsin(X)=cos(X)","d/dX \sin(X)= \cos(X)","0.8256154","5061","true","true","true","true","1.0","1.0","1.0","0.9912807703018189","PASS","","rendered-inputs",""
"calculus-017","CALCULUS","log derivative","MEDIUM","UNUSUAL_STROKE_ORDER","normal-order","CENTER_RIGHT","d/dx ln(x)=1/x","d/dx ln(x)=1/x","d/dX \ln(X)=1/X","d/dXln(X)=1/X","d/dX \ln(X)=1/X","0.863165","5083","true","true","true","true","1.0","1.0","1.0","0.9931582510471345","PASS","","rendered-inputs",""
"calculus-018","CALCULUS","trig integral","MEDIUM","SLIGHTLY_SHAKY","reverse-symbol-strokes","BOTTOM_LEFT","int cos(x)dx=sin(x)+C","int cos(x)dx=sin(x)+C","i\cap i\cap s(X)aX=S|n(X)+c","i\capi\caps(X)aX=S|n(X)+c","i\cap i\cap s(X)aX=S|n(X)+c","0.6875558","7012","false","false","false","true","0.6","0.5","1.0","0.6408777894973755","WRONG_SYMBOL","LETTER_CONFUSION|STROKE_ORDER_SENSITIVE","failures/calculus-018.png",""
"calculus-019","CALCULUS","exponential integral","MEDIUM","CLEAN_STUDENT","delayed-superscript","BOTTOM_CENTER","int e^x dx=e^x+C","int e^x dx=e^x+C","i \cap+e^{x}dx=e^{x}+c","i\cap+e^(x)dx=e^(x)+c","i \cap+e^{x}dx=e^{x}+c","0.86511666","5645","false","false","false","true","0.7058823529411764","0.6666666666666666","1.0","0.7450205386736813","WRONG_SYMBOL","LETTER_CONFUSION","failures/calculus-019.png",""
"calculus-020","CALCULUS","log integral","MEDIUM","FAST_CLASSROOM","fraction-bar-first","BOTTOM_RIGHT","int 1/x dx=ln","int 1/x dx=ln","i\cap+1/xdx=in","i\cap+1/xdx=in","i\cap+1/xdx=in","0.7512268","4741","false","false","false","true","0.5714285714285714","0.6666666666666666","1.0","0.6818470534256525","WRONG_SYMBOL","LETTER_CONFUSION|FRACTION_MISREAD","failures/calculus-020.png",""
"calculus-021","CALCULUS","mixed partial","MEDIUM","SMALL_COMPACT","fraction-bar-last","NEAR_BOUNDARY","partial^2 f/partial x partial y","partial^2 f/partial x partial y","portiontiportiox partialy","portiontiportioxpartialy","portiontiportiox partialy","0.71652997","9905","false","false","false","false","0.6296296296296297","0.0","0.0","0.3049931649367015","WRONG_STRUCTURE","DIGIT_CONFUSION|LETTER_CONFUSION|SUPERSCRIPT_MISSED|FRACTION_MISREAD|LOCATION_SENSITIVE","failures/calculus-021.png",""
"calculus-022","CALCULUS","ODE","MEDIUM","LARGE_BOARD","uneven-spacing","NEAR_TOOLBAR","f''(x)+f(x)=0","f''(x)+f(x)=0","f(X)+f(X)=0","f(X)+f(X)=0","f(X)+f(X)=0","0.8961","3950","false","false","true","true","0.8461538461538461","1.0","1.0","0.9065357684630614","PARTIAL","","failures/calculus-022.png",""
"calculus-023","CALCULUS","prime ODE","HARD","RIGHT_SLANTED","tilted-baseline","TOP_LEFT","y'=xy","y'=xy","Y=XY","Y=XY","Y=XY","1.0","3166","false","false","true","true","0.8","1.0","1.0","0.895","PARTIAL","","failures/calculus-023.png",""
"calculus-024","CALCULUS","symbolic limits","HARD","LEFT_SLANTED","overlap-and-correction","TOP_CENTER","int_a^b f(x)dx","int_a^b f(x)dx","inted f(x)ax","intedf(x)ax","inted f(x)ax","0.45639998","5141","false","false","false","false","0.6153846153846154","0.3333333333333333","0.0","0.38589692193728226","WRONG_STRUCTURE","LETTER_CONFUSION|SUPERSCRIPT_MISSED|SUBSCRIPT_MISSED|LOW_CONFIDENCE","failures/calculus-024.png","Low-confidence interpretation; choose an alternative or edit before insertion."
"calculus-025","CALCULUS","infinite series","HARD","UNEVEN_BASELINE","normal-order","TOP_RIGHT","sum_{k=0}^{infinity}x^k","sum_{k=0}^{infinity}x^k","sumk=o infinityyk","sumk=oinfinityyk","sumk=o infinityyk","0.91721","7701","false","false","false","false","0.736842105263158","0.5","0.0","0.5108604991436005","WRONG_LAYOUT","DIGIT_CONFUSION|LETTER_CONFUSION|SUPERSCRIPT_MISSED|SUBSCRIPT_MISSED","failures/calculus-025.png",""
"calculus-026","CALCULUS","p-series","HARD","VARIABLE_SPACING","reverse-symbol-strokes","CENTER_LEFT","sum_{n=1}^{infinity}1/n^2","sum_{n=1}^{infinity}1/n^2","sum_{n=1}^{n_{n}+i_{n+1}+i_{n}}1/n^{2}","sum_n=1^(n_n+i_n+1+i_n)1/n^(2)","sum_{n=1}^{n_{n}+i_{n+1}+i_{n}}1/n^{2}","0.85500455","7168","false","false","true","true","0.6538461538461539","1.0","1.0","0.8439040736051706","WRONG_SYMBOL","DIGIT_CONFUSION|LETTER_CONFUSION","failures/calculus-026.png",""
"calculus-027","CALCULUS","vector derivative","HARD","HEAVY_PRESSURE","delayed-superscript","CENTER","d/dt(r(t))","d/dt(r(t))","a/arcr(t))","a/arcr(t))","a/arcr(t))","0.439","2195","false","false","true","true","0.6","1.0","1.0","0.8069500005245208","WRONG_SYMBOL","LETTER_CONFUSION|LOW_CONFIDENCE","failures/calculus-027.png","Low-confidence interpretation; choose an alternative or edit before insertion."
"calculus-028","CALCULUS","gradient","HARD","LIGHT_BROKEN","fraction-bar-first","CENTER_RIGHT","grad f","grad f","gradf","gradf","gradf","0.69574064","2715","true","true","true","true","1.0","1.0","1.0","0.9847870320081712","PASS","","rendered-inputs",""
"calculus-029","CALCULUS","Laplacian","HARD","ROUNDED","fraction-bar-last","BOTTOM_LEFT","nabla^2 phi=0","nabla^2 phi=0","2nabl^aphi=0","2nabl^aphi=0","2nabl^aphi=0","0.5345385","3445","false","false","true","true","0.75","1.0","1.0","0.8567269253730773","PARTIAL","LOW_CONFIDENCE","failures/calculus-029.png","Low-confidence interpretation; choose an alternative or edit before insertion."
"calculus-030","CALCULUS","line integral","HARD","ANGULAR","uneven-spacing","BOTTOM_CENTER","oint_C F dot dr","oint_C F dot dr","ointedotar","ointedotar","ointedotar","1.0","2672","false","false","false","false","0.6666666666666667","0.5","0.0","0.485","WRONG_LAYOUT","LETTER_CONFUSION|SUBSCRIPT_MISSED","failures/calculus-030.png",""
"calculus-031","CALCULUS","triple integral","HARD","CROWDED","tilted-baseline","BOTTOM_RIGHT","int int int_V rho dV","int int int_V rho dV","0","0","0","0.56699705","2453","false","false","false","false","0.0","0.0","0.0","0.028349852561950686","WRONG_STRUCTURE","LETTER_CONFUSION|SUBSCRIPT_MISSED|CROWDING_SENSITIVE","failures/calculus-031.png","Low-confidence interpretation; choose an alternative or edit before insertion."
"calculus-032","CALCULUS","third derivative","HARD","WIDELY_SPACED","overlap-and-correction","NEAR_BOUNDARY","d^3y/dx^3","d^3y/dx^3","a^{3}Y/aX^{3}","a^(3)Y/aX^(3)","a^{3}Y/aX^{3}","0.8759086","3706","false","false","true","true","0.7777777777777778","1.0","1.0","0.8821287639935812","PARTIAL","LETTER_CONFUSION","failures/calculus-032.png",""
"calculus-033","CALCULUS","derivative definition","HARD","OVERWRITTEN_CORRECTION","normal-order","NEAR_TOOLBAR","lim_{x->a}(f(x)-f(a))/(x-a)","lim_{x->a}(f(x)-f(a))/(x-a)","limx-sects-fla))/(x-a","limx-sects-fla))/(x-a","limx-sects-fla))/(x-a","0.439","6471","false","false","false","false","0.6","0.3333333333333333","0.5","0.4784500005245209","WRONG_STRUCTURE","LETTER_CONFUSION|SUBSCRIPT_MISSED|FRACTION_MISREAD|LOCATION_SENSITIVE|OVERWRITING_ERROR|LOW_CONFIDENCE","failures/calculus-033.png","Low-confidence interpretation; choose an alternative or edit before insertion."
"calculus-034","CALCULUS","definite trig integral","HARD","MIXED_CASE","reverse-symbol-strokes","TOP_LEFT","int_0^{pi} sin(x)dx=2","int_0^{pi} sin(x)dx=2","as","as","as","0.439","5404","false","false","false","false","0.05555555555555558","0.0","0.0","0.04570000052452088","WRONG_STRUCTURE","DIGIT_CONFUSION|LETTER_CONFUSION|SUPERSCRIPT_MISSED|SUBSCRIPT_MISSED|STROKE_ORDER_SENSITIVE|LOW_CONFIDENCE","failures/calculus-034.png","Low-confidence interpretation; choose an alternative or edit before insertion."
"calculus-035","CALCULUS","sum identity","EXTREME","UNUSUAL_STROKE_ORDER","delayed-superscript","TOP_CENTER","sum_{i=1}^{n}i^2=n(n+1)(2n+1)/6","sum_{i=1}^{n}i^2=n(n+1)(2n+1)/6","\sin_(z^n)^2=n(n+1)(2n+1)/6","\sin_(z^n)^2=n(n+1)(2n+1)/6","\sin_(z^n)^2=n(n+1)(2n+1)/6","0.993621","6493","false","false","false","true","0.7777777777777778","0.8","1.0","0.8221810495853423","PARTIAL","DIGIT_CONFUSION|LETTER_CONFUSION|FRACTION_MISREAD","failures/calculus-035.png",""
"calculus-036","CALCULUS","product identity","EXTREME","SLIGHTLY_SHAKY","fraction-bar-first","TOP_RIGHT","prod_{k=1}^{n}k=n!","prod_{k=1}^{n}k=n!","prock=2kam!","prock=2kam!","prock=2kam!","0.439","5319","false","false","false","false","0.5","0.3333333333333333","0.0","0.33570000052452087","WRONG_STRUCTURE","DIGIT_CONFUSION|LETTER_CONFUSION|SUPERSCRIPT_MISSED|SUBSCRIPT_MISSED|LOW_CONFIDENCE","failures/calculus-036.png","Low-confidence interpretation; choose an alternative or edit before insertion."
"calculus-037","CALCULUS","integral S ambiguity","EXTREME","CLEAN_STUDENT","fraction-bar-last","CENTER_LEFT","int x dx","int x dx","int","int","int","0.62650746","2723","false","false","true","true","0.5","1.0","1.0","0.7863253730535507","WRONG_SYMBOL","LETTER_CONFUSION","failures/calculus-037.png","Low-confidence interpretation; choose an alternative or edit before insertion."
"calculus-038","CALCULUS","prime-dot ambiguity","EXTREME","FAST_CLASSROOM","uneven-spacing","CENTER","f .(x)","f .(x)","f_.(X)","f_.(X)","f_.(X)","0.58412856","5313","false","false","true","true","0.8333333333333334","1.0","1.0","0.8854564279317856","PARTIAL","","failures/calculus-038.png","Low-confidence interpretation; choose an alternative or edit before insertion."
"calculus-039","CALCULUS","split integral layout","EXTREME","SMALL_COMPACT","tilted-baseline","CENTER_RIGHT","int_0^1\nx^2 dx","int_0^1\nx^2 dx","into^{1};x^2dx","into^(1);x^2dx","into^{1};x^2dx","0.84032035","6281","false","false","false","false","0.75","0.75","0.6666666666666666","0.7209743507703145","WRONG_LAYOUT","DIGIT_CONFUSION|LETTER_CONFUSION|SUBSCRIPT_MISSED","failures/calculus-039.png","Recognized as 2 spatially separate equation lines."
"calculus-040","CALCULUS","widely spaced derivative","EXTREME","LARGE_BOARD","overlap-and-correction","BOTTOM_LEFT","d y / d x","d y / d x","a\times","a*","a\times","0.41205737","2877","false","false","false","false","0.0","0.0","0.0","0.020602868497371675","WRONG_STRUCTURE","LETTER_CONFUSION|FRACTION_MISREAD|LOW_CONFIDENCE","failures/calculus-040.png","Low-confidence interpretation; choose an alternative or edit before insertion."
"matrices_vectors-001","MATRICES_VECTORS","row matrix","EASY","CLEAN_STUDENT","normal-order","TOP_LEFT","[1,2]","[1,2]","[1,2]","[1,2]","[1,2]","0.9841","3240","true","true","false","false","1.0","0.0","0.0","0.4992049992084503","WRONG_STRUCTURE","MATRIX_ROW_ERROR","failures/matrices_vectors-001.png",""
"matrices_vectors-002","MATRICES_VECTORS","column matrix","EASY","FAST_CLASSROOM","reverse-symbol-strokes","TOP_CENTER","[[1],[2],[3]]","[[1],[2],[3]]","a","a","a","0.439","3771","false","false","false","false","0.0","0.0","0.0","0.021950000524520875","WRONG_STRUCTURE","DIGIT_CONFUSION|MATRIX_ROW_ERROR|STROKE_ORDER_SENSITIVE|LOW_CONFIDENCE","failures/matrices_vectors-002.png","Low-confidence interpretation; choose an alternative or edit before insertion."
"matrices_vectors-003","MATRICES_VECTORS","square matrix","EASY","SMALL_COMPACT","delayed-superscript","TOP_RIGHT","A=[[1,2],[3,4]]","A=[[1,2],[3,4]]","=[[1,2],[3,4]]","=[[1,2],[3,4]]","=[[1,2],[3,4]]","0.4854","5048","false","false","true","true","0.9333333333333333","1.0","1.0","0.923269999563694","PARTIAL","LETTER_CONFUSION|LOW_CONFIDENCE","failures/matrices_vectors-003.png","Low-confidence interpretation; choose an alternative or edit before insertion."
"matrices_vectors-004","MATRICES_VECTORS","rectangular matrix","EASY","LARGE_BOARD","fraction-bar-first","CENTER_LEFT","[[1,2,3],[4,5,6]]","[[1,2,3],[4,5,6]]","[(1,2,33.64,5,6]]","[(1,2,33.64,5,6]]","[(1,2,33.64,5,6]]","0.439","5474","false","false","false","false","0.7647058823529411","0.0","0.0","0.3488617652304032","WRONG_STRUCTURE","DIGIT_CONFUSION|MATRIX_ROW_ERROR|LOW_CONFIDENCE","failures/matrices_vectors-004.png","Low-confidence interpretation; choose an alternative or edit before insertion."
"matrices_vectors-005","MATRICES_VECTORS","determinant","EASY","RIGHT_SLANTED","fraction-bar-last","CENTER","det([[1,2],[3,4]])","det([[1,2],[3,4]])","det([[1,2],[3,4]])","det([[1,2],[3,4]])","det([[1,2],[3,4]])","0.85060465","4300","true","true","false","true","1.0","0.5","1.0","0.8425302326679229","PARTIAL","MATRIX_ROW_ERROR","failures/matrices_vectors-005.png",""
"matrices_vectors-006","MATRICES_VECTORS","matrix equation","EASY","LEFT_SLANTED","uneven-spacing","CENTER_RIGHT","AX=B","AX=B","","","","","27415","false","false","false","false","0.0","0.0","0.0","0.0","TIMEOUT","TIMEOUT","failures/matrices_vectors-006.png",""
"matrices_vectors-007","MATRICES_VECTORS","inverse","EASY","UNEVEN_BASELINE","tilted-baseline","BOTTOM_LEFT","A^{-1}","A^{-1}","-1","-1","-1","0.9841","2690","false","false","false","false","0.5","0.0","0.0","0.26295499920845034","WRONG_STRUCTURE","LETTER_CONFUSION|SUPERSCRIPT_MISSED|MATRIX_ROW_ERROR","failures/matrices_vectors-007.png",""
"matrices_vectors-008","MATRICES_VECTORS","transpose","EASY","VARIABLE_SPACING","overlap-and-correction","BOTTOM_CENTER","A^T","A^T","","","","","0","false","false","false","false","0.0","0.0","0.0","0.0","MANUAL_REVIEW_REQUIRED","","failures/matrices_vectors-008.png","The automated stroke alphabet cannot represent this case faithfully; execute in manual Mode B."
"matrices_vectors-009","MATRICES_VECTORS","identity index","EASY","HEAVY_PRESSURE","normal-order","BOTTOM_RIGHT","I_3","I_3","3","3","3","0.96433604","2754","false","false","false","false","0.33333333333333337","0.0","0.0","0.1907168018817902","WRONG_STRUCTURE","LETTER_CONFUSION|SUBSCRIPT_MISSED|MATRIX_ROW_ERROR","failures/matrices_vectors-009.png",""
"matrices_vectors-010","MATRICES_VECTORS","dot product","EASY","LIGHT_BROKEN","reverse-symbol-strokes","NEAR_BOUNDARY","u dot v","u dot v","u \phi ot","uphiot","u \phi ot","0.5507235","3054","false","false","true","true","0.33333333333333337","1.0","1.0","0.7325361746549607","WRONG_SYMBOL","LETTER_CONFUSION","failures/matrices_vectors-010.png","Low-confidence interpretation; choose an alternative or edit before insertion."
"matrices_vectors-011","MATRICES_VECTORS","cross product","MEDIUM","ROUNDED","delayed-superscript","NEAR_TOOLBAR","u cross v","u cross v","u cross","ucross","u cross","1.0","2874","false","false","true","true","0.8571428571428572","1.0","1.0","0.9164285714285715","PARTIAL","LETTER_CONFUSION","failures/matrices_vectors-011.png",""
"matrices_vectors-012","MATRICES_VECTORS","vector components","MEDIUM","ANGULAR","fraction-bar-first","TOP_LEFT","v=3i+4j","v=3i+4j","=3i+4j","=3i+4j","=3i+4j","0.99729997","3111","false","false","true","true","0.8571428571428572","1.0","1.0","0.9162935698883874","PARTIAL","LETTER_CONFUSION","failures/matrices_vectors-012.png",""
"matrices_vectors-013","MATRICES_VECTORS","negative matrix","MEDIUM","CROWDED","fraction-bar-last","TOP_CENTER","[[-1,2],[3,-4]]","[[-1,2],[3,-4]]","[(-1,2],[3,-4]]","[(-1,2],[3,-4]]","[(-1,2],[3,-4]]","0.439","3764","false","false","false","false","0.9333333333333333","0.0","0.0","0.42095000052452086","WRONG_STRUCTURE","MATRIX_ROW_ERROR|CROWDING_SENSITIVE|LOW_CONFIDENCE","failures/matrices_vectors-013.png","Low-confidence interpretation; choose an alternative or edit before insertion."
"matrices_vectors-014","MATRICES_VECTORS","fraction cells","MEDIUM","WIDELY_SPACED","uneven-spacing","TOP_RIGHT","[[1/2,2/3],[3/4,4/5]]","[[1/2,2/3],[3/4,4/5]]","[[1/2,2/3],[3/4,4/5]]","[[1/2,2/3],[3/4,4/5]]","[[1/2,2/3],[3/4,4/5]]","0.8529899","5148","true","true","true","true","1.0","1.0","1.0","0.9926494956016542","PASS","","rendered-inputs",""
"matrices_vectors-015","MATRICES_VECTORS","symbolic matrix","MEDIUM","OVERWRITTEN_CORRECTION","tilted-baseline","CENTER_LEFT","[[x,x^2],[1,y]]","[[x,x^2],[1,y]]","[[X,X^2],[1,Y]]","[[X,X^2],[1,Y]]","[[X,X^2],[1,Y]]","0.90705293","3929","true","true","true","true","1.0","1.0","1.0","0.9953526467084886","PASS","","rendered-inputs",""
"matrices_vectors-016","MATRICES_VECTORS","identity matrix","MEDIUM","MIXED_CASE","overlap-and-correction","CENTER","[[1,0],[0,1]]","[[1,0],[0,1]]","[[1.0],[0,1]]","[[1.0],[0,1]]","[[1.0],[0,1]]","0.439","3972","false","false","true","true","0.9230769230769231","1.0","1.0","0.9165653851399054","PARTIAL","LOW_CONFIDENCE","failures/matrices_vectors-016.png","Low-confidence interpretation; choose an alternative or edit before insertion."
"matrices_vectors-017","MATRICES_VECTORS","symbolic row","MEDIUM","UNUSUAL_STROKE_ORDER","normal-order","CENTER_RIGHT","[[a,b,c]]","[[a,b,c]]","[CO,D,C]]","[CO,D,C]]","[CO,D,C]]","0.4854","3125","false","false","false","false","0.6666666666666667","0.0","0.0","0.30926999956369405","WRONG_STRUCTURE","LETTER_CONFUSION|MATRIX_ROW_ERROR|LOW_CONFIDENCE","failures/matrices_vectors-017.png","Image pass unavailable; result uses digital ink and parser evidence.; Low-confidence interpretation; choose an alternative or edit before insertion."
"matrices_vectors-018","MATRICES_VECTORS","column equation","MEDIUM","SLIGHTLY_SHAKY","reverse-symbol-strokes","BOTTOM_LEFT","[[x],[y]]=[[2],[3]]","[[x],[y]]=[[2],[3]]","200","200","200","0.439","4394","false","false","false","false","0.052631578947368474","0.0","0.0","0.044450000524520895","WRONG_STRUCTURE","DIGIT_CONFUSION|LETTER_CONFUSION|MATRIX_ROW_ERROR|STROKE_ORDER_SENSITIVE|LOW_CONFIDENCE","failures/matrices_vectors-018.png","Low-confidence interpretation; choose an alternative or edit before insertion."
"matrices_vectors-019","MATRICES_VECTORS","matrix-vector multiplication","MEDIUM","CLEAN_STUDENT","delayed-superscript","BOTTOM_CENTER","[[1,2],[3,4]]*[[x],[y]]=[[5],[11]]","[[1,2],[3,4]]*[[x],[y]]=[[5],[11]]","1(1.23.13.47x22x1.1433=2157.11133","1(1.23.13.47x22x1.1433=2157.11133","1(1.23.13.47x22x1.1433=2157.11133","0.439","6558","false","false","false","false","0.2647058823529411","0.3333333333333333","0.0","0.2363617652304032","WRONG_STRUCTURE","DIGIT_CONFUSION|LETTER_CONFUSION|MATRIX_ROW_ERROR|LOW_CONFIDENCE","failures/matrices_vectors-019.png","Low-confidence interpretation; choose an alternative or edit before insertion."
"matrices_vectors-020","MATRICES_VECTORS","matrix addition","MEDIUM","FAST_CLASSROOM","fraction-bar-first","BOTTOM_RIGHT","[[1,2],[3,4]]+[[5,6],[7,8]]","[[1,2],[3,4]]+[[5,6],[7,8]]","c(1.23.13.477+115.63.17.0]]","c(1.23.13.477+115.63.17.0]]","c(1.23.13.477+115.63.17.0]]","0.439","5824","false","false","false","false","0.37037037037037035","0.0","0.0","0.1802833338578542","WRONG_STRUCTURE","DIGIT_CONFUSION|MATRIX_ROW_ERROR|LOW_CONFIDENCE","failures/matrices_vectors-020.png","Low-confidence interpretation; choose an alternative or edit before insertion."
"matrices_vectors-021","MATRICES_VECTORS","matrix power","MEDIUM","SMALL_COMPACT","fraction-bar-last","NEAR_BOUNDARY","[[1,2],[3,4]]^2","[[1,2],[3,4]]^2","[[1,2],[3,4]]^{2}","[[1,2],[3,4]]^(2)","[[1,2],[3,4]]^{2}","0.90286636","4749","true","true","false","true","1.0","0.6666666666666666","1.0","0.8951433181762695","PARTIAL","MATRIX_ROW_ERROR","failures/matrices_vectors-021.png",""
"matrices_vectors-022","MATRICES_VECTORS","symbolic determinant","MEDIUM","LARGE_BOARD","uneven-spacing","NEAR_TOOLBAR","det([[x,2],[3,1]])=5","det([[x,2],[3,1]])=5","dercccx_.23_.13_.1377=5","dercccx_.23_.13_.1377=5","dercccx_.23_.13_.1377=5","0.5739508","5607","false","false","false","true","0.34782608695652173","0.3333333333333333","1.0","0.47739319352999976","WRONG_STRUCTURE","DIGIT_CONFUSION|LETTER_CONFUSION|MATRIX_ROW_ERROR","failures/matrices_vectors-022.png","Low-confidence interpretation; choose an alternative or edit before insertion."
"matrices_vectors-023","MATRICES_VECTORS","three by three","HARD","RIGHT_SLANTED","tilted-baseline","TOP_LEFT","[[x,1,-1],[2,x,0],[1,-2,x]]=I","[[x,1,-1],[2,x,0],[1,-2,x]]=I","","","","","15821","false","false","false","false","0.0","0.0","0.0","0.0","TIMEOUT","TIMEOUT","failures/matrices_vectors-023.png",""
"matrices_vectors-024","MATRICES_VECTORS","orthogonality","HARD","LEFT_SLANTED","overlap-and-correction","TOP_CENTER","A^T A=I","A^T A=I","\sum","\sum","\sum","0.59165233","2235","false","false","false","false","0.0","0.0","0.0","0.029582616686820985","WRONG_STRUCTURE","LETTER_CONFUSION|SUPERSCRIPT_MISSED|MATRIX_ROW_ERROR","failures/matrices_vectors-024.png","Low-confidence interpretation; choose an alternative or edit before insertion."
"matrices_vectors-025","MATRICES_VECTORS","trace","HARD","UNEVEN_BASELINE","normal-order","TOP_RIGHT","tr(A)=a+d","tr(A)=a+d","","","","","26269","false","false","false","false","0.0","0.0","0.0","0.0","TIMEOUT","TIMEOUT","failures/matrices_vectors-025.png",""
"matrices_vectors-026","MATRICES_VECTORS","rank","HARD","VARIABLE_SPACING","reverse-symbol-strokes","CENTER_LEFT","rank(A)=2","rank(A)=2","rank()=2","rank()=2","rank()=2","0.82328826","3201","false","false","true","true","0.8888888888888888","1.0","1.0","0.9211644130945205","PARTIAL","LETTER_CONFUSION","failures/matrices_vectors-026.png",""
"matrices_vectors-027","MATRICES_VECTORS","matrix element","HARD","HEAVY_PRESSURE","delayed-superscript","CENTER","A_ij","A_ij","ij","ij","ij","1.0","2421","false","false","false","false","0.5","0.0","0.0","0.26375","WRONG_STRUCTURE","LETTER_CONFUSION|SUBSCRIPT_MISSED|MATRIX_ROW_ERROR","failures/matrices_vectors-027.png",""
"matrices_vectors-028","MATRICES_VECTORS","indexed vector","HARD","LIGHT_BROKEN","fraction-bar-first","CENTER_RIGHT","v_i=e_ijk a_j b_k","v_i=e_ijk a_j b_k","i=e_{ijk}a_{j}b_{k}","i=e_ijka_jb_k","i=e_{ijk}a_{j}b_{k}","0.8905082","4686","false","false","true","true","0.8666666666666667","1.0","1.0","0.9150254087448121","PARTIAL","LETTER_CONFUSION","failures/matrices_vectors-028.png",""
"matrices_vectors-029","MATRICES_VECTORS","vector norm","HARD","ROUNDED","fraction-bar-last","BOTTOM_LEFT","","","","","","","0","false","false","false","false","0.0","0.0","0.0","0.0","MANUAL_REVIEW_REQUIRED","","failures/matrices_vectors-029.png","The automated stroke alphabet cannot represent this case faithfully; execute in manual Mode B."
"matrices_vectors-030","MATRICES_VECTORS","unit vectors","HARD","ANGULAR","uneven-spacing","BOTTOM_CENTER","hat(i) cross hat(j)=hat(k)","hat(i) cross hat(j)=hat(k)","ha+(i)c \cap 0.5Sha+(j)=ha+(k)","ha+(i)c\cap0.5Sha+(j)=ha+(k)","ha+(i)c \cap 0.5Sha+(j)=ha+(k)","0.7500528","5960","false","false","true","true","0.6428571428571428","1.0","1.0","0.8353597833429064","WRONG_SYMBOL","LETTER_CONFUSION","failures/matrices_vectors-030.png",""
"matrices_vectors-031","MATRICES_VECTORS","column dot product","HARD","CROWDED","tilted-baseline","BOTTOM_RIGHT","[1;2;3] dot [4;5;6]","[1;2;3] dot [4;5;6]","11;2;3300+24;5;6]","11;2;3300+24;5;6]","11;2;3300+24;5;6]","0.439","7538","false","false","true","true","0.6470588235294117","1.0","1.0","0.8210676475833444","WRONG_SYMBOL","DIGIT_CONFUSION|LETTER_CONFUSION|LOW_CONFIDENCE","failures/matrices_vectors-031.png","Low-confidence interpretation; choose an alternative or edit before insertion."
"matrices_vectors-032","MATRICES_VECTORS","rotation matrix","HARD","WIDELY_SPACED","overlap-and-correction","NEAR_BOUNDARY","[[cos(t),-sin(t)],[sin(t),cos(t)]]","[[cos(t),-sin(t)],[sin(t),cos(t)]]","[[ \theta S(t),- \sin(t)],[ \sin(t), \cos(t)]]","[[thetaS(t),-sin(t)],[sin(t),cos(t)]]","[[ \theta S(t),- \sin(t)],[ \sin(t), \cos(t)]]","0.84708184","6301","false","false","true","true","0.8648648648648649","1.0","1.0","0.9120838217316447","PARTIAL","LETTER_CONFUSION","failures/matrices_vectors-032.png",""
"matrices_vectors-033","MATRICES_VECTORS","diagonal matrix","HARD","OVERWRITTEN_CORRECTION","normal-order","NEAR_TOOLBAR","[[a,0,0],[0,b,0],[0,0,c]]","[[a,0,0],[0,b,0],[0,0,c]]","","","","","25627","false","false","false","false","0.0","0.0","0.0","0.0","TIMEOUT","TIMEOUT","failures/matrices_vectors-033.png",""
"matrices_vectors-034","MATRICES_VECTORS","singular matrix","HARD","MIXED_CASE","reverse-symbol-strokes","TOP_LEFT","[[1,2],[2,4]]","[[1,2],[2,4]]","[[1,2],[2,4]]","[[1,2],[2,4]]","[[1,2],[2,4]]","0.87296194","3625","true","true","true","true","1.0","1.0","1.0","0.9936480969190599","PASS","","rendered-inputs",""
"matrices_vectors-035","MATRICES_VECTORS","determinant bars","EXTREME","UNUSUAL_STROKE_ORDER","delayed-superscript","TOP_CENTER","","","","","","","0","false","false","false","false","0.0","0.0","0.0","0.0","MANUAL_REVIEW_REQUIRED","","failures/matrices_vectors-035.png","The automated stroke alphabet cannot represent this case faithfully; execute in manual Mode B."
"matrices_vectors-036","MATRICES_VECTORS","wide cells","EXTREME","SLIGHTLY_SHAKY","fraction-bar-first","TOP_RIGHT","[ 1  2 ; 3  4 ]","[ 1  2 ; 3  4 ]","[1,2],2","[1,2],2","[1,2],2","0.5841456","2781","false","false","false","false","0.2857142857142857","0.0","0.0","0.15135013742106299","WRONG_STRUCTURE","DIGIT_CONFUSION|MATRIX_ROW_ERROR","failures/matrices_vectors-036.png","Low-confidence interpretation; choose an alternative or edit before insertion."
"matrices_vectors-037","MATRICES_VECTORS","missing row separator","EXTREME","CLEAN_STUDENT","fraction-bar-last","CENTER_LEFT","[[1,2][3,4]]","[[1,2][3,4]]","[[1,2][3,4]]","[[1,2][3,4]]","[[1,2][3,4]]","0.9593545","3316","true","true","true","true","1.0","1.0","1.0","0.9979677259922028","PASS","","rendered-inputs",""
"matrices_vectors-038","MATRICES_VECTORS","missing bracket","EXTREME","FAST_CLASSROOM","uneven-spacing","CENTER","[[1,2],[3,4]","[[1,2],[3,4]","[[1,2],[3,4]]","[[1,2],[3,4]]","[[1,2],[3,4]]","0.8469197","3659","false","false","true","true","0.9230769230769231","1.0","1.0","0.93696137038561","PARTIAL","","failures/matrices_vectors-038.png",""
"matrices_vectors-039","MATRICES_VECTORS","detached inverse","EXTREME","SMALL_COMPACT","tilted-baseline","CENTER_RIGHT","A -1","A -1","-1","-1","-1","0.9841","2471","false","false","true","true","0.6666666666666667","1.0","1.0","0.8542049992084503","WRONG_SYMBOL","LETTER_CONFUSION","failures/matrices_vectors-039.png",""
"matrices_vectors-040","MATRICES_VECTORS","vertical matrix equation","EXTREME","LARGE_BOARD","overlap-and-correction","BOTTOM_LEFT","[[2,1],[3,4]]\n[[x],[y]]\n[[5],[11]]","[[2,1],[3,4]]\n[[x],[y]]\n[[5],[11]]","","","","","10535","false","false","false","false","0.0","0.0","0.0","0.0","TIMEOUT","TIMEOUT","failures/matrices_vectors-040.png",""
"graphs-001","GRAPHS","straight line","EASY","CLEAN_STUDENT","normal-order","TOP_LEFT","y=x","y=x","y=0.857*x+0","y=0.857*x+0","y=0.857*x+0","0.98","30","false","true","true","true","0.2727272727272727","1.0","1.0","0.8899090918627652","PASS_WITH_NORMALIZATION","","rendered-inputs","fit_error=9.290324868313482E-15; candidates=line, quadratic / parabola, sine wave"
"graphs-002","GRAPHS","straight line","EASY","FAST_CLASSROOM","reverse-symbol-strokes","TOP_CENTER","y=2x+1","y=2x+1","y=0.857*x0","y=0.857*x0","y=0.857*x0","0.98","4","false","true","true","true","0.19999999999999996","1.0","1.0","0.8790000009536743","PASS_WITH_NORMALIZATION","","rendered-inputs","fit_error=7.049389394719181E-14; candidates=line, quadratic / parabola, sine wave"
"graphs-003","GRAPHS","straight line","EASY","SMALL_COMPACT","delayed-superscript","TOP_RIGHT","y=-x+3","y=-x+3","y=0.857*x+0","y=0.857*x+0","y=0.857*x+0","0.98","4","false","true","true","true","0.36363636363636365","1.0","1.0","0.9035454554991289","PASS_WITH_NORMALIZATION","","rendered-inputs","fit_error=6.717286281516463E-13; candidates=line, quadratic / parabola, sine wave"
"graphs-004","GRAPHS","vertical line","EASY","LARGE_BOARD","fraction-bar-first","CENTER_LEFT","x=2","x=2","","","","","1","false","false","false","false","0.0","0.0","0.0","0.21","NOT_DETECTED","GRAPH_NOT_DETECTED","failures/graphs-004.png","fit_error=null; candidates=null"
"graphs-005","GRAPHS","horizontal line","EASY","RIGHT_SLANTED","fraction-bar-last","CENTER","y=4","y=4","y=-1*x-0","y=-1*x-0","y=-1*x-0","0.98","2","false","true","true","true","0.25","1.0","1.0","0.8865000009536743","PASS_WITH_NORMALIZATION","","rendered-inputs","fit_error=2.0120313081205768E-14; candidates=line, quadratic / parabola, sine wave"
"graphs-006","GRAPHS","parabola","EASY","LEFT_SLANTED","uneven-spacing","CENTER_RIGHT","y=x^2","y=x^2","y=5.414*sin(0.675*x-1.19)-0.288","y=5.414*sin(0.675*x-1.19)-0.288","y=5.414*sin(0.675*x-1.19)-0.288","0.9486844","4","false","false","false","true","0.12903225806451613","0.45","1.0","0.5767890584276568","WRONG_STRUCTURE","GRAPH_TYPE_WRONG","failures/graphs-006.png","fit_error=0.05409136627087243; candidates=sine wave, quadratic / parabola, line"
"graphs-007","GRAPHS","parabola","EASY","UNEVEN_BASELINE","tilted-baseline","BOTTOM_LEFT","y=-x^2+4","y=-x^2+4","y=3.064*sin(0.75*x-1.569)+2.773","y=3.064*sin(0.75*x-1.569)+2.773","y=3.064*sin(0.75*x-1.569)+2.773","0.98","4","false","false","false","true","0.12903225806451613","0.45","1.0","0.5783548396633517","WRONG_STRUCTURE","GRAPH_TYPE_WRONG","failures/graphs-007.png","fit_error=0.014937878683873992; candidates=sine wave, quadratic / parabola, line, exponential"
"graphs-008","GRAPHS","shifted parabola","EASY","VARIABLE_SPACING","overlap-and-correction","BOTTOM_CENTER","y=(x-2)^2-1","y=(x-2)^2-1","y=4.449*sin(0.6*x-1.571)+3.092","y=4.449*sin(0.6*x-1.571)+3.092","y=4.449*sin(0.6*x-1.571)+3.092","0.98","4","false","false","false","true","0.19999999999999996","0.45","1.0","0.5890000009536743","WRONG_STRUCTURE","GRAPH_TYPE_WRONG","failures/graphs-008.png","fit_error=0.011983760270870978; candidates=sine wave, quadratic / parabola, line"
"graphs-009","GRAPHS","cubic","EASY","HEAVY_PRESSURE","normal-order","BOTTOM_RIGHT","y=x^3","y=x^3","y=1.867*x+0","y=1.867*x+0","y=1.867*x+0","0.9245524","4","false","false","false","true","0.2727272727272727","0.45","1.0","0.5971367099610242","WRONG_STRUCTURE","GRAPH_TYPE_WRONG","failures/graphs-009.png","fit_error=0.08160445683753291; candidates=line, quadratic / parabola, sine wave"
"graphs-010","GRAPHS","absolute value","EASY","LIGHT_BROKEN","reverse-symbol-strokes","NEAR_BOUNDARY","y=abs(x)","y=abs(x)","y=1.564*sin(0.675*x-1.571)+1.974","y=1.564*sin(0.675*x-1.571)+1.974","y=1.564*sin(0.675*x-1.571)+1.974","0.98","3","false","false","false","true","0.1875","0.45","1.0","0.5871250009536743","WRONG_STRUCTURE","GRAPH_TYPE_WRONG","failures/graphs-010.png","fit_error=0.01111314301491147; candidates=sine wave, quadratic / parabola, line, exponential"
"graphs-011","GRAPHS","circle","MEDIUM","ROUNDED","delayed-superscript","NEAR_TOOLBAR","x^2+y^2=9","x^2+y^2=9","y=0*x0","y=0*x0","y=0*x0","0.5","4","false","false","false","true","0.0","0.45","1.0","0.535","WRONG_STRUCTURE","GRAPH_TYPE_WRONG","failures/graphs-011.png","fit_error=1.0; candidates=line, quadratic / parabola, sine wave"
"graphs-012","GRAPHS","ellipse","MEDIUM","ANGULAR","fraction-bar-first","TOP_LEFT","x^2/9+y^2/4=1","x^2/9+y^2/4=1","y=0*x0","y=0*x0","y=0*x0","0.5","6","false","false","false","true","0.07692307692307687","0.45","1.0","0.5465384615384615","WRONG_STRUCTURE","GRAPH_TYPE_WRONG","failures/graphs-012.png","fit_error=0.9999999999999996; candidates=line, quadratic / parabola, sine wave"
"graphs-013","GRAPHS","hyperbola","MEDIUM","CROWDED","fraction-bar-last","TOP_CENTER","x^2/9-y^2/4=1","x^2/9-y^2/4=1","y=-0.386*x^2-2.431*x-4.148","y=-0.386*x^2-2.431*x-4.148","y=-0.386*x^2-2.431*x-4.148","0.89818823","3","false","false","false","true","0.1923076923076923","0.45","1.0","0.5837555655149314","WRONG_STRUCTURE","GRAPH_TYPE_WRONG","failures/graphs-013.png","fit_error=0.1133524029185023; candidates=quadratic / parabola, sine wave, line"
"graphs-014","GRAPHS","exponential","MEDIUM","WIDELY_SPACED","uneven-spacing","TOP_RIGHT","y=e^x","y=e^x","y=0.13*x^2+0.745*x+1.273","y=0.13*x^2+0.745*x+1.273","y=0.13*x^2+0.745*x+1.273","0.98","3","false","false","false","true","0.16666666666666663","0.45","1.0","0.5840000009536743","WRONG_STRUCTURE","GRAPH_TYPE_WRONG","failures/graphs-014.png","fit_error=0.013547343598999827; candidates=quadratic / parabola, sine wave, exponential, line"
"graphs-015","GRAPHS","logarithmic","MEDIUM","OVERWRITTEN_CORRECTION","tilted-baseline","CENTER_LEFT","y=log(x)","y=log(x)","y=-0.217*x^2+1.67*x-2.034","y=-0.217*x^2+1.67*x-2.034","y=-0.217*x^2+1.67*x-2.034","0.97765535","2","false","false","false","true","0.12","0.45","1.0","0.5768827675580979","WRONG_STRUCTURE","GRAPH_TYPE_WRONG","failures/graphs-015.png","fit_error=0.022855325554930302; candidates=quadratic / parabola, sine wave, line"
"graphs-016","GRAPHS","sine wave","MEDIUM","MIXED_CASE","overlap-and-correction","CENTER","y=sin(x)","y=sin(x)","y=1.22*sin(0.75*x0)+0","y=1.22*sin(0.75*x0)+0","y=1.22*sin(0.75*x0)+0","0.98","4","false","true","true","true","0.38095238095238093","1.0","1.0","0.9061428580965314","PASS_WITH_NORMALIZATION","","rendered-inputs","fit_error=0.011416269037946907; candidates=sine wave, line, quadratic / parabola"
"graphs-017","GRAPHS","cosine wave","MEDIUM","UNUSUAL_STROKE_ORDER","normal-order","CENTER_RIGHT","y=cos(x)","y=cos(x)","y=1.232*sin(0.675*x+1.571)-0.068","y=1.232*sin(0.675*x+1.571)-0.068","y=1.232*sin(0.675*x+1.571)-0.068","0.98","4","false","true","true","true","0.1875","1.0","1.0","0.8771250009536743","PASS_WITH_NORMALIZATION","","rendered-inputs","fit_error=0.001790276875467279; candidates=sine wave, quadratic / parabola, line"
"graphs-018","GRAPHS","tangent","MEDIUM","SLIGHTLY_SHAKY","reverse-symbol-strokes","BOTTOM_LEFT","y=tan(x)","y=tan(x)","y=1.999*sin(1.5*x-0)+0.002","y=1.999*sin(1.5*x-0)+0.002","y=1.999*sin(1.5*x-0)+0.002","0.6472282","3","false","true","true","true","0.23076923076923073","1.0","1.0","0.8669767936834922","PASS_WITH_NORMALIZATION","","rendered-inputs","fit_error=0.5450501485457103; candidates=sine wave, line, quadratic / parabola"
"graphs-019","GRAPHS","piecewise","MEDIUM","CLEAN_STUDENT","delayed-superscript","BOTTOM_CENTER","y={-x,x<0;x,x>=0}","y={-x,x<0;x,x>=0}","y=0.857*x+0","y=0.857*x+0","y=0.857*x+0","0.98","4","false","false","false","true","0.23529411764705888","0.45","1.0","0.5942941186007331","WRONG_STRUCTURE","GRAPH_TYPE_WRONG","failures/graphs-019.png","fit_error=2.0453535913341255E-13; candidates=line, quadratic / parabola, sine wave"
"graphs-020","GRAPHS","step function","MEDIUM","FAST_CLASSROOM","fraction-bar-first","BOTTOM_RIGHT","y=floor(x)","y=floor(x)","y=0.01*x^2+0.833*x-0.634","y=0.01*x^2+0.833*x-0.634","y=0.01*x^2+0.833*x-0.634","0.973701","3","false","false","false","true","0.125","0.45","1.0","0.5774350500106811","WRONG_STRUCTURE","GRAPH_TYPE_WRONG","failures/graphs-020.png","fit_error=0.02700928779097131; candidates=quadratic / parabola, line, sine wave"
"graphs-021","GRAPHS","scatter","MEDIUM","SMALL_COMPACT","fraction-bar-last","NEAR_BOUNDARY","scatter:(-2,1),(0,3),(2,2)","scatter:(-2,1),(0,3),(2,2)","y=0.857*x+0","y=0.857*x+0","y=0.857*x+0","0.98","8","false","false","false","true","0.038461538461538436","0.45","1.0","0.564769231722905","WRONG_STRUCTURE","GRAPH_TYPE_WRONG","failures/graphs-021.png","fit_error=3.1030737405853235E-14; candidates=line, quadratic / parabola, sine wave"
"graphs-022","GRAPHS","shaded inequality","MEDIUM","LARGE_BOARD","uneven-spacing","NEAR_TOOLBAR","y>=x","y>=x","y=0.857*x+0","y=0.857*x+0","y=0.857*x+0","0.98","4","false","false","false","true","0.18181818181818177","0.45","1.0","0.5862727282264015","WRONG_STRUCTURE","GRAPH_TYPE_WRONG","failures/graphs-022.png","fit_error=7.295045823116954E-14; candidates=line, quadratic / parabola, sine wave"
"graphs-023","GRAPHS","rational","HARD","RIGHT_SLANTED","tilted-baseline","TOP_LEFT","y=1/x","y=1/x","y=-0.145*x^2-0.756*x+4.1","y=-0.145*x^2-0.756*x+4.1","y=-0.145*x^2-0.756*x+4.1","0.949052","2","false","false","false","true","0.16666666666666663","0.45","1.0","0.582452598810196","WRONG_STRUCTURE","GRAPH_TYPE_WRONG","failures/graphs-023.png","fit_error=0.05368305841472894; candidates=quadratic / parabola, sine wave, line"
"graphs-024","GRAPHS","rational","HARD","LEFT_SLANTED","overlap-and-correction","TOP_CENTER","y=1/x^2","y=1/x^2","y=0.179*x^2+0.928*x-4.071","y=0.179*x^2+0.928*x-4.071","y=0.179*x^2+0.928*x-4.071","0.97692823","4","false","false","false","true","0.24","0.45","1.0","0.5948464117050172","WRONG_STRUCTURE","GRAPH_TYPE_WRONG","failures/graphs-024.png","fit_error=0.023616654842985012; candidates=quadratic / parabola, sine wave, line"
"graphs-025","GRAPHS","root","HARD","UNEVEN_BASELINE","normal-order","TOP_RIGHT","y=sqrt(x)","y=sqrt(x)","y=-0.037*x^2+0.439*x+0.452","y=-0.037*x^2+0.439*x+0.452","y=-0.037*x^2+0.439*x+0.452","0.96697384","3","false","false","false","true","0.11538461538461542","0.45","1.0","0.5756563843672091","WRONG_STRUCTURE","GRAPH_TYPE_WRONG","failures/graphs-025.png","fit_error=0.03415414919785084; candidates=quadratic / parabola, sine wave, line, exponential"
"graphs-026","GRAPHS","root","HARD","VARIABLE_SPACING","reverse-symbol-strokes","CENTER_LEFT","y=root_3(x)","y=root_3(x)","y=1.705*sin(0.525*x0)+0","y=1.705*sin(0.525*x0)+0","y=1.705*sin(0.525*x0)+0","0.97160417","3","false","false","false","true","0.21739130434782605","0.45","1.0","0.5911889040729275","WRONG_STRUCTURE","GRAPH_TYPE_WRONG","failures/graphs-026.png","fit_error=0.02922573909028496; candidates=sine wave, line, quadratic / parabola"
"graphs-027","GRAPHS","exponential","HARD","HEAVY_PRESSURE","delayed-superscript","CENTER","y=2^x","y=2^x","y=0.13*x^2+0.745*x+1.273","y=0.13*x^2+0.745*x+1.273","y=0.13*x^2+0.745*x+1.273","0.98","4","false","false","false","true","0.16666666666666663","0.45","1.0","0.5840000009536743","WRONG_STRUCTURE","GRAPH_TYPE_WRONG","failures/graphs-027.png","fit_error=0.01354738920613102; candidates=quadratic / parabola, sine wave, exponential, line"
"graphs-028","GRAPHS","exponential","HARD","LIGHT_BROKEN","fraction-bar-first","CENTER_RIGHT","y=(1/2)^x","y=(1/2)^x","y=0.129*x^2-0.766*x+1.316","y=0.129*x^2-0.766*x+1.316","y=0.129*x^2-0.766*x+1.316","0.98","3","false","false","false","true","0.19999999999999996","0.45","1.0","0.5890000009536743","WRONG_STRUCTURE","GRAPH_TYPE_WRONG","failures/graphs-028.png","fit_error=0.0180241730731778; candidates=quadratic / parabola, sine wave, exponential, line"
"graphs-029","GRAPHS","scaled sine","HARD","ROUNDED","fraction-bar-last","BOTTOM_LEFT","y=2sin(x)","y=2sin(x)","y=2.441*sin(0.75*x0)0","y=2.441*sin(0.75*x0)0","y=2.441*sin(0.75*x0)0","0.98","3","false","true","true","true","0.4285714285714286","1.0","1.0","0.9132857152393885","PASS_WITH_NORMALIZATION","","rendered-inputs","fit_error=0.011416287061416052; candidates=sine wave, line, quadratic / parabola"
"graphs-030","GRAPHS","frequency sine","HARD","ANGULAR","uneven-spacing","BOTTOM_CENTER","y=sin(2x)","y=sin(2x)","y=1.199*sin(1.425*x0)0","y=1.199*sin(1.425*x0)0","y=1.199*sin(1.425*x0)0","0.98","3","false","true","true","true","0.40909090909090906","1.0","1.0","0.9103636373173106","PASS_WITH_NORMALIZATION","","rendered-inputs","fit_error=1.01059322180599E-4; candidates=sine wave, line, quadratic / parabola"
"graphs-031","GRAPHS","shifted sine","HARD","CROWDED","tilted-baseline","BOTTOM_RIGHT","y=sin(x)+1","y=sin(x)+1","y=1.22*sin(0.75*x-0)+0","y=1.22*sin(0.75*x-0)+0","y=1.22*sin(0.75*x-0)+0","0.98","3","false","true","true","true","0.40909090909090906","1.0","1.0","0.9103636373173106","PASS_WITH_NORMALIZATION","","rendered-inputs","fit_error=0.011416331568114915; candidates=sine wave, line, quadratic / parabola"
"graphs-032","GRAPHS","Gaussian","HARD","WIDELY_SPACED","overlap-and-correction","NEAR_BOUNDARY","y=e^{-x^2}","y=e^{-x^2}","y=0.568*sin(0.975*x+1.571)+0.465","y=0.568*sin(0.975*x+1.571)+0.465","y=0.568*sin(0.975*x+1.571)+0.465","0.94792765","3","false","false","false","true","0.09375","0.45","1.0","0.571458882689476","WRONG_STRUCTURE","GRAPH_TYPE_WRONG","failures/graphs-032.png","fit_error=0.05493280501927112; candidates=sine wave, quadratic / parabola, line, exponential"
"graphs-033","GRAPHS","logistic","HARD","OVERWRITTEN_CORRECTION","normal-order","NEAR_TOOLBAR","y=1/(1+e^{-x})","y=1/(1+e^{-x})","y=0.153*x+0.6","y=0.153*x+0.6","y=0.153*x+0.6","0.98","2","false","false","false","true","0.15384615384615385","0.45","1.0","0.5820769240305974","WRONG_STRUCTURE","GRAPH_TYPE_WRONG","failures/graphs-033.png","fit_error=0.017421254590642983; candidates=line, quadratic / parabola, sine wave, exponential"
"graphs-034","GRAPHS","signum","HARD","MIXED_CASE","reverse-symbol-strokes","TOP_LEFT","y=sign(x)","y=sign(x)","y=1.461*sin(0.6*x0)+0","y=1.461*sin(0.6*x0)+0","y=1.461*sin(0.6*x0)+0","0.88697195","2","false","false","false","true","0.33333333333333337","0.45","1.0","0.6043485975265503","WRONG_STRUCTURE","GRAPH_TYPE_WRONG","failures/graphs-034.png","fit_error=0.12743133136960647; candidates=sine wave, line, quadratic / parabola"
"graphs-035","GRAPHS","hyperbolic","EXTREME","UNUSUAL_STROKE_ORDER","delayed-superscript","TOP_CENTER","y=cosh(x)","y=cosh(x)","y=0.092*x^20*x+1.167","y=0.092*x^20*x+1.167","y=0.092*x^20*x+1.167","0.98","3","false","false","false","true","0.15000000000000002","0.45","1.0","0.5815000009536743","WRONG_STRUCTURE","GRAPH_TYPE_WRONG","failures/graphs-035.png","fit_error=0.0027505938298559417; candidates=quadratic / parabola, sine wave, line, exponential"
"graphs-036","GRAPHS","polar","EXTREME","SLIGHTLY_SHAKY","fraction-bar-first","TOP_RIGHT","r=2+2cos(theta)","r=2+2cos(theta)","y=0.003*sin(3.75*x-0.129)+0.003","y=0.003*sin(3.75*x-0.129)+0.003","y=0.003*sin(3.75*x-0.129)+0.003","0.50000024","4","false","false","false","true","0.12903225806451613","0.45","1.0","0.5543548506306063","WRONG_STRUCTURE","GRAPH_TYPE_WRONG","failures/graphs-036.png","fit_error=0.9999990409255812; candidates=sine wave, line, quadratic / parabola"
"graphs-037","GRAPHS","parametric","EXTREME","CLEAN_STUDENT","fraction-bar-last","CENTER_LEFT","x=cos(t);y=sin(t)","x=cos(t);y=sin(t)","y=0*x+0","y=0*x+0","y=0*x+0","0.5","3","false","false","false","true","0.11764705882352944","0.45","1.0","0.5526470588235294","WRONG_STRUCTURE","GRAPH_TYPE_WRONG","failures/graphs-037.png","fit_error=0.9999999999999998; candidates=line, quadratic / parabola, sine wave"
"graphs-038","GRAPHS","rational","EXTREME","FAST_CLASSROOM","uneven-spacing","CENTER","y=(x^2-1)/(x+1)","y=(x^2-1)/(x+1)","y=-0.386*x^2-2.431*x-4.148","y=-0.386*x^2-2.431*x-4.148","y=-0.386*x^2-2.431*x-4.148","0.8981885","3","false","false","false","true","0.3076923076923077","0.45","1.0","0.6010632697435525","WRONG_STRUCTURE","GRAPH_TYPE_WRONG","failures/graphs-038.png","fit_error=0.11335209812792657; candidates=quadratic / parabola, sine wave, line"
"graphs-039","GRAPHS","advanced rational","EXTREME","SMALL_COMPACT","tilted-baseline","CENTER_RIGHT","y=ln(x)/x","y=ln(x)/x","y=-0.217*x^2+1.67*x-2.034","y=-0.217*x^2+1.67*x-2.034","y=-0.217*x^2+1.67*x-2.034","0.97765523","2","false","false","false","true","0.16000000000000003","0.45","1.0","0.5828827615976334","WRONG_STRUCTURE","GRAPH_TYPE_WRONG","failures/graphs-039.png","fit_error=0.022855480205889612; candidates=quadratic / parabola, sine wave, line"
"graphs-040","GRAPHS","axes and grid","EXTREME","LARGE_BOARD","overlap-and-correction","BOTTOM_LEFT","axes+grid+y=x^2","axes+grid+y=x^2","y=3.26*sin(0.75*x-1.571)+3.006","y=3.26*sin(0.75*x-1.571)+3.006","y=3.26*sin(0.75*x-1.571)+3.006","0.98","3","false","false","false","true","0.06666666666666665","0.45","1.0","0.5690000009536743","WRONG_STRUCTURE","GRAPH_TYPE_WRONG","failures/graphs-040.png","fit_error=0.012838795899189973; candidates=sine wave, quadratic / parabola, line, exponential"
"geometry_diagrams-001","GEOMETRY_DIAGRAMS","point","EASY","CLEAN_STUDENT","normal-order","TOP_LEFT","point A","point A","SQUARE","SQUARE","SQUARE","0.8952162","6","false","false","false","false","0.0","0.45","0.5","0.4047608113288879","WRONG_STRUCTURE","SHAPE_TYPE_WRONG","failures/geometry_diagrams-001.png","SQUARE:0.895"
"geometry_diagrams-002","GEOMETRY_DIAGRAMS","line","EASY","FAST_CLASSROOM","reverse-symbol-strokes","TOP_CENTER","line AB","line AB","HORIZONTAL_LINE","HORIZONTAL_LINE","HORIZONTAL_LINE","0.90000004","2","false","false","false","false","0.19999999999999996","0.45","0.5","0.43500000178813936","WRONG_STRUCTURE","SHAPE_TYPE_WRONG","failures/geometry_diagrams-002.png","HORIZONTAL_LINE:0.900"
"geometry_diagrams-003","GEOMETRY_DIAGRAMS","ray","EASY","SMALL_COMPACT","delayed-superscript","TOP_RIGHT","ray AB","ray AB","HORIZONTAL_LINE","HORIZONTAL_LINE","HORIZONTAL_LINE","0.90000004","2","false","false","false","false","0.1333333333333333","0.45","0.5","0.42500000178813935","WRONG_STRUCTURE","SHAPE_TYPE_WRONG","failures/geometry_diagrams-003.png","HORIZONTAL_LINE:0.900"
"geometry_diagrams-004","GEOMETRY_DIAGRAMS","segment","EASY","LARGE_BOARD","fraction-bar-first","CENTER_LEFT","segment AB","segment AB","HORIZONTAL_LINE","HORIZONTAL_LINE","HORIZONTAL_LINE","0.90000004","2","false","false","false","false","0.19999999999999996","0.45","0.5","0.43500000178813936","WRONG_STRUCTURE","SHAPE_TYPE_WRONG","failures/geometry_diagrams-004.png","HORIZONTAL_LINE:0.900"
"geometry_diagrams-005","GEOMETRY_DIAGRAMS","relationship","EASY","RIGHT_SLANTED","fraction-bar-last","CENTER","parallel lines","parallel lines","PARALLEL_LINES","PARALLEL_LINES","PARALLEL_LINES","0.78","2","false","true","true","true","0.9285714285714286","1.0","1.0","0.9782857128552028","PASS_WITH_NORMALIZATION","","rendered-inputs","PARALLEL_LINES:0.780, HORIZONTAL_LINE:0.700"
"geometry_diagrams-006","GEOMETRY_DIAGRAMS","relationship","EASY","LEFT_SLANTED","uneven-spacing","CENTER_RIGHT","perpendicular lines","perpendicular lines","COORDINATE_AXES","COORDINATE_AXES","COORDINATE_AXES","0.88","2","false","false","false","true","0.2222222222222222","0.45","1.0","0.5873333330949148","WRONG_STRUCTURE","SHAPE_TYPE_WRONG","failures/geometry_diagrams-006.png","COORDINATE_AXES:0.880, HORIZONTAL_LINE:0.700, DIAGONAL_LINE:0.700"
"geometry_diagrams-007","GEOMETRY_DIAGRAMS","angle","EASY","UNEVEN_BASELINE","tilted-baseline","BOTTOM_LEFT","angle ABC","angle ABC","ANGLE","ANGLE","ANGLE","0.79","3","false","false","true","false","0.625","1.0","0.5","0.7382500010728836","WRONG_LAYOUT","DIAGRAM_LABEL_MISREAD","failures/geometry_diagrams-007.png","ANGLE:0.790, DIAGONAL_LINE:0.700"
"geometry_diagrams-008","GEOMETRY_DIAGRAMS","angle mark","EASY","VARIABLE_SPACING","overlap-and-correction","BOTTOM_CENTER","right angle","right angle","SQUARE","SQUARE","SQUARE","0.8952162","2","false","false","false","true","0.19999999999999996","0.45","1.0","0.584760811328888","WRONG_STRUCTURE","SHAPE_TYPE_WRONG","failures/geometry_diagrams-008.png","SQUARE:0.895"
"geometry_diagrams-009","GEOMETRY_DIAGRAMS","triangle","EASY","HEAVY_PRESSURE","normal-order","BOTTOM_RIGHT","triangle ABC","triangle ABC","EQUILATERAL_TRIANGLE","EQUILATERAL_TRIANGLE","EQUILATERAL_TRIANGLE","0.9028937","1","false","false","false","false","0.25","0.45","0.5","0.4426446861028671","WRONG_STRUCTURE","SHAPE_TYPE_WRONG","failures/geometry_diagrams-009.png","EQUILATERAL_TRIANGLE:0.903"
"geometry_diagrams-010","GEOMETRY_DIAGRAMS","triangle","EASY","LIGHT_BROKEN","reverse-symbol-strokes","NEAR_BOUNDARY","right triangle","right triangle","ARC","ARC","ARC","0.78","2","false","false","false","true","0.07692307692307687","0.45","1.0","0.56053846010795","WRONG_STRUCTURE","SHAPE_TYPE_WRONG","failures/geometry_diagrams-010.png","ARC:0.780"
"geometry_diagrams-011","GEOMETRY_DIAGRAMS","triangle","MEDIUM","ROUNDED","delayed-superscript","NEAR_TOOLBAR","isosceles triangle","isosceles triangle","EQUILATERAL_TRIANGLE","EQUILATERAL_TRIANGLE","EQUILATERAL_TRIANGLE","0.9028937","1","false","false","false","true","0.44999999999999996","0.45","1.0","0.622644686102867","WRONG_STRUCTURE","SHAPE_TYPE_WRONG","failures/geometry_diagrams-011.png","EQUILATERAL_TRIANGLE:0.903"
"geometry_diagrams-012","GEOMETRY_DIAGRAMS","triangle","MEDIUM","ANGULAR","fraction-bar-first","TOP_LEFT","equilateral triangle","equilateral triangle","EQUILATERAL_TRIANGLE","EQUILATERAL_TRIANGLE","EQUILATERAL_TRIANGLE","0.9028937","3","false","true","true","true","0.95","1.0","1.0","0.9876446861028672","PASS_WITH_NORMALIZATION","","rendered-inputs","EQUILATERAL_TRIANGLE:0.903"
"geometry_diagrams-013","GEOMETRY_DIAGRAMS","quadrilateral","MEDIUM","CROWDED","fraction-bar-last","TOP_CENTER","rectangle","rectangle","RECTANGLE","RECTANGLE","RECTANGLE","0.87173915","1","true","true","true","true","1.0","1.0","1.0","0.9935869574546815","PASS_WITH_NORMALIZATION","","rendered-inputs","RECTANGLE:0.872"
"geometry_diagrams-014","GEOMETRY_DIAGRAMS","quadrilateral","MEDIUM","WIDELY_SPACED","uneven-spacing","TOP_RIGHT","square","square","SQUARE","SQUARE","SQUARE","0.90999997","2","true","true","true","true","1.0","1.0","1.0","0.9954999983310701","PASS_WITH_NORMALIZATION","","rendered-inputs","SQUARE:0.910"
"geometry_diagrams-015","GEOMETRY_DIAGRAMS","quadrilateral","MEDIUM","OVERWRITTEN_CORRECTION","tilted-baseline","CENTER_LEFT","parallelogram","parallelogram","POLYGON","POLYGON","POLYGON","0.88","2","false","true","true","true","0.23076923076923073","1.0","1.0","0.8786153843769661","PASS_WITH_NORMALIZATION","","rendered-inputs","POLYGON:0.880, DIAGONAL_LINE:0.700"
"geometry_diagrams-016","GEOMETRY_DIAGRAMS","quadrilateral","MEDIUM","MIXED_CASE","overlap-and-correction","CENTER","rhombus","rhombus","POLYGON","POLYGON","POLYGON","0.9099999","2","false","true","true","true","0.0","1.0","1.0","0.8454999953508376","PASS_WITH_NORMALIZATION","","rendered-inputs","POLYGON:0.910"
"geometry_diagrams-017","GEOMETRY_DIAGRAMS","quadrilateral","MEDIUM","UNUSUAL_STROKE_ORDER","normal-order","CENTER_RIGHT","trapezium","trapezium","POLYGON","POLYGON","POLYGON","0.9099999","2","false","true","true","true","0.0","1.0","1.0","0.8454999953508376","PASS_WITH_NORMALIZATION","","rendered-inputs","POLYGON:0.910"
"geometry_diagrams-018","GEOMETRY_DIAGRAMS","polygon","MEDIUM","SLIGHTLY_SHAKY","reverse-symbol-strokes","BOTTOM_LEFT","pentagon","pentagon","PENTAGON","PENTAGON","PENTAGON","0.90515226","2","true","true","true","true","1.0","1.0","1.0","0.9952576130628586","PASS_WITH_NORMALIZATION","","rendered-inputs","PENTAGON:0.905"
"geometry_diagrams-019","GEOMETRY_DIAGRAMS","polygon","MEDIUM","CLEAN_STUDENT","delayed-superscript","BOTTOM_CENTER","hexagon","hexagon","HEXAGON","HEXAGON","HEXAGON","0.90999997","1","true","true","true","true","1.0","1.0","1.0","0.9954999983310701","PASS_WITH_NORMALIZATION","","rendered-inputs","HEXAGON:0.910"
"geometry_diagrams-020","GEOMETRY_DIAGRAMS","polygon","MEDIUM","FAST_CLASSROOM","fraction-bar-first","BOTTOM_RIGHT","octagon","octagon","POLYGON","POLYGON","POLYGON","0.90999997","1","false","true","true","true","0.4285714285714286","1.0","1.0","0.9097857126167842","PASS_WITH_NORMALIZATION","","rendered-inputs","POLYGON:0.910"
"geometry_diagrams-021","GEOMETRY_DIAGRAMS","circle","MEDIUM","SMALL_COMPACT","fraction-bar-last","NEAR_BOUNDARY","circle center O","circle center O","CIRCLE","CIRCLE","CIRCLE","0.90905786","3","false","false","true","false","0.46153846153846156","1.0","0.5","0.7196836620110731","WRONG_LAYOUT","DIAGRAM_LABEL_MISREAD","failures/geometry_diagrams-021.png","CIRCLE:0.909, POLYGON:0.720"
"geometry_diagrams-022","GEOMETRY_DIAGRAMS","circle","MEDIUM","LARGE_BOARD","uneven-spacing","NEAR_TOOLBAR","circle radius OA","circle radius OA","CIRCLE","CIRCLE","CIRCLE","0.9096096","3","false","false","true","false","0.4285714285714286","1.0","0.5","0.7147661950758525","WRONG_LAYOUT","DIAGRAM_LABEL_MISREAD","failures/geometry_diagrams-022.png","CIRCLE:0.910, POLYGON:0.720"
"geometry_diagrams-023","GEOMETRY_DIAGRAMS","circle","HARD","RIGHT_SLANTED","tilted-baseline","TOP_LEFT","circle diameter AB","circle diameter AB","CIRCLE","CIRCLE","CIRCLE","0.8731731","3","false","false","true","false","0.375","1.0","0.5","0.7049086558818817","WRONG_LAYOUT","DIAGRAM_LABEL_MISREAD","failures/geometry_diagrams-023.png","CIRCLE:0.873, POLYGON:0.720"
"geometry_diagrams-024","GEOMETRY_DIAGRAMS","circle part","HARD","LEFT_SLANTED","overlap-and-correction","TOP_CENTER","arc AB","arc AB","ARC","ARC","ARC","0.78","2","false","false","true","false","0.6","1.0","0.5","0.7339999985694885","WRONG_LAYOUT","DIAGRAM_LABEL_MISREAD","failures/geometry_diagrams-024.png","ARC:0.780"
"geometry_diagrams-025","GEOMETRY_DIAGRAMS","circle part","HARD","UNEVEN_BASELINE","normal-order","TOP_RIGHT","chord AB","chord AB","CIRCLE","CIRCLE","CIRCLE","0.89454687","4","false","false","true","false","0.2857142857142857","1.0","0.5","0.6925844861779894","WRONG_LAYOUT","DIAGRAM_LABEL_MISREAD","failures/geometry_diagrams-025.png","CIRCLE:0.895, POLYGON:0.720"
"geometry_diagrams-026","GEOMETRY_DIAGRAMS","circle part","HARD","VARIABLE_SPACING","reverse-symbol-strokes","CENTER_LEFT","tangent at A","tangent at A","CIRCLE","CIRCLE","CIRCLE","0.9090595","4","false","false","true","false","0.0","1.0","0.5","0.6504529762268066","WRONG_LAYOUT","DIAGRAM_LABEL_MISREAD","failures/geometry_diagrams-026.png","CIRCLE:0.909, POLYGON:0.720"
"geometry_diagrams-027","GEOMETRY_DIAGRAMS","circle part","HARD","HEAVY_PRESSURE","delayed-superscript","CENTER","secant AB","secant AB","CIRCLE","CIRCLE","CIRCLE","0.9090698","2","false","false","true","false","0.125","1.0","0.5","0.6692034888267516","WRONG_LAYOUT","DIAGRAM_LABEL_MISREAD","failures/geometry_diagrams-027.png","CIRCLE:0.909, POLYGON:0.720"
"geometry_diagrams-028","GEOMETRY_DIAGRAMS","coordinate geometry","HARD","LIGHT_BROKEN","fraction-bar-first","CENTER_RIGHT","coordinate triangle","coordinate triangle","CURVE","CURVE","CURVE","0.78","4","false","false","false","false","0.16666666666666663","0.45","0.5","0.42399999856948856","WRONG_STRUCTURE","SHAPE_TYPE_WRONG","failures/geometry_diagrams-028.png","CURVE:0.780"
"geometry_diagrams-029","GEOMETRY_DIAGRAMS","3D shape","HARD","ROUNDED","fraction-bar-last","BOTTOM_LEFT","cube","cube","CUBE","CUBE","CUBE","0.95000005","14","true","true","true","true","1.0","1.0","1.0","0.9975000023841859","PASS_WITH_NORMALIZATION","","rendered-inputs","CUBE:0.950, ARROW:0.890, COORDINATE_AXES:0.880, GRAPH_GRID:0.860"
"geometry_diagrams-030","GEOMETRY_DIAGRAMS","3D shape","HARD","ANGULAR","uneven-spacing","BOTTOM_CENTER","cuboid","cuboid","CUBE","CUBE","CUBE","0.95000005","9","false","true","true","true","0.5","1.0","1.0","0.9225000023841858","PASS_WITH_NORMALIZATION","","rendered-inputs","CUBE:0.950, ARROW:0.890, COORDINATE_AXES:0.880, GRAPH_GRID:0.860"
"geometry_diagrams-031","GEOMETRY_DIAGRAMS","3D shape","HARD","CROWDED","tilted-baseline","BOTTOM_RIGHT","cylinder","cylinder","CYLINDER","CYLINDER","CYLINDER","0.93","4","true","true","true","true","1.0","1.0","1.0","0.996500000357628","PASS_WITH_NORMALIZATION","","rendered-inputs","CYLINDER:0.930, HEXAGON:0.805, PARALLEL_LINES:0.780, VERTICAL_LINE:0.700"
"geometry_diagrams-032","GEOMETRY_DIAGRAMS","3D shape","HARD","WIDELY_SPACED","overlap-and-correction","NEAR_BOUNDARY","cone","cone","CONE","CONE","CONE","0.92","4","true","true","true","true","1.0","1.0","1.0","0.996000000834465","PASS_WITH_NORMALIZATION","","rendered-inputs","CONE:0.920, HEXAGON:0.795, ANGLE:0.790, DIAGONAL_LINE:0.700"
"geometry_diagrams-033","GEOMETRY_DIAGRAMS","3D shape","HARD","OVERWRITTEN_CORRECTION","normal-order","NEAR_TOOLBAR","sphere","sphere","CIRCLE","CIRCLE","CIRCLE","0.88","3","false","true","true","true","0.16666666666666663","1.0","1.0","0.8689999997615815","PASS_WITH_NORMALIZATION","","rendered-inputs","CIRCLE:0.880, POLYGON:0.720, DIAGONAL_LINE:0.700"
"geometry_diagrams-034","GEOMETRY_DIAGRAMS","3D shape","HARD","MIXED_CASE","reverse-symbol-strokes","TOP_LEFT","square pyramid","square pyramid","PYRAMID","PYRAMID","PYRAMID","0.91","5","false","true","true","true","0.5384615384615384","1.0","1.0","0.9262692320805329","PASS_WITH_NORMALIZATION","","rendered-inputs","PYRAMID:0.910, ARROW:0.890, PENTAGON:0.840, ANGLE:0.800"
"geometry_diagrams-035","GEOMETRY_DIAGRAMS","3D shape","EXTREME","UNUSUAL_STROKE_ORDER","delayed-superscript","TOP_CENTER","triangular prism","triangular prism","CUBE","CUBE","CUBE","0.95000005","6","false","true","true","true","0.06666666666666665","1.0","1.0","0.8575000023841858","PASS_WITH_NORMALIZATION","","rendered-inputs","CUBE:0.950, ARROW:0.890, COORDINATE_AXES:0.880, GRAPH_GRID:0.860"
"geometry_diagrams-036","GEOMETRY_DIAGRAMS","3D shape","EXTREME","SLIGHTLY_SHAKY","fraction-bar-first","TOP_RIGHT","hemisphere","hemisphere","CIRCLE","CIRCLE","CIRCLE","0.8866481","3","false","true","true","true","0.19999999999999996","1.0","1.0","0.874332405924797","PASS_WITH_NORMALIZATION","","rendered-inputs","CIRCLE:0.887, POLYGON:0.720"
"geometry_diagrams-037","GEOMETRY_DIAGRAMS","3D shape","EXTREME","CLEAN_STUDENT","fraction-bar-last","CENTER_LEFT","frustum","frustum","CONE","CONE","CONE","0.92","3","false","true","true","true","0.0","1.0","1.0","0.8460000008344649","PASS_WITH_NORMALIZATION","","rendered-inputs","CONE:0.920, HEXAGON:0.801, ANGLE:0.790, DIAGONAL_LINE:0.700"
"geometry_diagrams-038","GEOMETRY_DIAGRAMS","labelled 3D","EXTREME","FAST_CLASSROOM","uneven-spacing","CENTER","labelled cube ABCD","labelled cube ABCD","CUBE","CUBE","CUBE","0.95000005","6","false","false","true","false","0.25","1.0","0.5","0.6900000023841858","WRONG_LAYOUT","DIAGRAM_LABEL_MISREAD","failures/geometry_diagrams-038.png","CUBE:0.950, ARROW:0.890, COORDINATE_AXES:0.880, GRAPH_GRID:0.860"
"geometry_diagrams-039","GEOMETRY_DIAGRAMS","measured triangle","EXTREME","SMALL_COMPACT","tilted-baseline","CENTER_RIGHT","triangle 3,4,5","triangle 3,4,5","RIGHT_TRIANGLE","RIGHT_TRIANGLE","RIGHT_TRIANGLE","0.88207453","2","false","false","true","false","0.2142857142857143","1.0","0.5","0.6812465838875089","WRONG_LAYOUT","DIAGRAM_LABEL_MISREAD","failures/geometry_diagrams-039.png","RIGHT_TRIANGLE:0.882"
"geometry_diagrams-040","GEOMETRY_DIAGRAMS","dashed hidden edges","EXTREME","LARGE_BOARD","overlap-and-correction","BOTTOM_LEFT","cube hidden edges","cube hidden edges","CUBE","CUBE","CUBE","0.95000005","4","false","true","true","true","0.2666666666666667","1.0","1.0","0.8875000023841858","PASS_WITH_NORMALIZATION","","rendered-inputs","CUBE:0.950, ARROW:0.890, COORDINATE_AXES:0.880, GRAPH_GRID:0.860"
"probability_statistics-001","PROBABILITY_STATISTICS","mean","EASY","CLEAN_STUDENT","normal-order","TOP_LEFT","mean=sum(x)/n","mean=sum(x)/n","meon=sum(x)in","meon=sum(x)in","meon=sum(x)in","0.62924004","3294","false","false","false","false","0.8461538461538461","0.6666666666666666","0.0","0.5931927710313063","WRONG_LAYOUT","LETTER_CONFUSION|FRACTION_MISREAD","failures/probability_statistics-001.png","Low-confidence interpretation; choose an alternative or edit before insertion."
"probability_statistics-002","PROBABILITY_STATISTICS","median","EASY","FAST_CLASSROOM","reverse-symbol-strokes","TOP_CENTER","median=middle(x)","median=middle(x)","peanage","peanage","peanage","0.439","5527","false","false","false","true","0.25","0.0","1.0","0.3288250005245209","WRONG_STRUCTURE","LETTER_CONFUSION|STROKE_ORDER_SENSITIVE|LOW_CONFIDENCE","failures/probability_statistics-002.png","Low-confidence interpretation; choose an alternative or edit before insertion."
"probability_statistics-003","PROBABILITY_STATISTICS","mode","EASY","SMALL_COMPACT","delayed-superscript","TOP_RIGHT","mode=most(x)","mode=most(x)","mode=most(x)","mode=most(x)","mode=most(x)","0.439","7259","true","true","true","true","1.0","1.0","1.0","0.971950000524521","PASS","LOW_CONFIDENCE","rendered-inputs","Low-confidence interpretation; choose an alternative or edit before insertion."
"probability_statistics-004","PROBABILITY_STATISTICS","range","EASY","LARGE_BOARD","fraction-bar-first","CENTER_LEFT","range=max-min","range=max-min","r \sin ge=m \alpha x-m \sin","rsinge=m\alphax-msin","r \sin ge=m \alpha x-m \sin","0.72084576","5076","false","false","true","true","0.6","1.0","1.0","0.8210422879457473","WRONG_SYMBOL","LETTER_CONFUSION","failures/probability_statistics-004.png",""
"probability_statistics-005","PROBABILITY_STATISTICS","variance","EASY","RIGHT_SLANTED","fraction-bar-last","CENTER","variance=sum((x-mean)^2)/n","variance=sum((x-mean)^2)/n","","","","","10018","false","false","false","false","0.0","0.0","0.0","0.0","TIMEOUT","TIMEOUT","failures/probability_statistics-005.png",""
"probability_statistics-006","PROBABILITY_STATISTICS","standard deviation","EASY","LEFT_SLANTED","uneven-spacing","CENTER_RIGHT","sigma=sqrt(variance)","sigma=sqrt(variance)","\sin \theta= \sin \theta+ \tan \theta","sintheta=sintheta+tantheta","\sin \theta= \sin \theta+ \tan \theta","0.75345016","5092","false","false","false","false","0.3846153846153846","0.5","0.0","0.35555712314752425","WRONG_LAYOUT","LETTER_CONFUSION|ROOT_SCOPE_ERROR","failures/probability_statistics-006.png",""
"probability_statistics-007","PROBABILITY_STATISTICS","probability","EASY","UNEVEN_BASELINE","tilted-baseline","BOTTOM_LEFT","P(A)","P(A)","()","()","()","0.95551586","2422","false","false","true","true","0.5","1.0","1.0","0.8027757930755615","WRONG_SYMBOL","LETTER_CONFUSION","failures/probability_statistics-007.png",""
"probability_statistics-008","PROBABILITY_STATISTICS","union probability","EASY","VARIABLE_SPACING","overlap-and-correction","BOTTOM_CENTER","P(A union B)","P(A union B)","(u) \times","(u)*","(u) \times","0.57365686","3176","false","false","true","true","0.19999999999999996","1.0","1.0","0.6936828428506852","WRONG_SYMBOL","LETTER_CONFUSION","failures/probability_statistics-008.png","Low-confidence interpretation; choose an alternative or edit before insertion."
"probability_statistics-009","PROBABILITY_STATISTICS","intersection probability","EASY","HEAVY_PRESSURE","normal-order","BOTTOM_RIGHT","P(A intersect B)","P(A intersect B)","(intersect)","(intersect)","(intersect)","0.66867995","4361","false","false","true","true","0.7857142857142857","1.0","1.0","0.8741482833453588","PARTIAL","LETTER_CONFUSION","failures/probability_statistics-009.png",""
"probability_statistics-010","PROBABILITY_STATISTICS","conditional probability","EASY","LIGHT_BROKEN","reverse-symbol-strokes","NEAR_BOUNDARY","P(A","P(A","(","(","(","0.5608","2735","false","false","true","true","0.33333333333333337","1.0","1.0","0.7330400007963181","WRONG_SYMBOL","LETTER_CONFUSION","failures/probability_statistics-010.png","Image pass unavailable; result uses digital ink and parser evidence.; Low-confidence interpretation; choose an alternative or edit before insertion."
"probability_statistics-011","PROBABILITY_STATISTICS","complement","MEDIUM","ROUNDED","delayed-superscript","NEAR_TOOLBAR","P(A^c)","P(A^c)","","","","","29321","false","false","false","false","0.0","0.0","0.0","0.0","TIMEOUT","TIMEOUT","failures/probability_statistics-011.png",""
"probability_statistics-012","PROBABILITY_STATISTICS","combination","MEDIUM","ANGULAR","fraction-bar-first","TOP_LEFT","C(n,r)","C(n,r)","c(n,r)","c(n,r)","c(n,r)","0.86467427","3109","true","true","true","true","1.0","1.0","1.0","0.9932337135076523","PASS","","rendered-inputs",""
"probability_statistics-013","PROBABILITY_STATISTICS","permutation","MEDIUM","CROWDED","fraction-bar-last","TOP_CENTER","P(n,r)","P(n,r)","(n,r)","(n,r)","(n,r)","0.8961","2609","false","false","true","true","0.8333333333333334","1.0","1.0","0.9010549992322922","PARTIAL","LETTER_CONFUSION","failures/probability_statistics-013.png",""
"probability_statistics-014","PROBABILITY_STATISTICS","binomial","MEDIUM","WIDELY_SPACED","uneven-spacing","TOP_RIGHT","(n choose r)","(n choose r)","in chooser)","inchooser)","in chooser)","0.53325","3524","false","false","true","true","0.9","1.0","1.0","0.9114124987125397","PARTIAL","LETTER_CONFUSION|LOW_CONFIDENCE","failures/probability_statistics-014.png","Low-confidence interpretation; choose an alternative or edit before insertion."
"probability_statistics-015","PROBABILITY_STATISTICS","population mean","MEDIUM","OVERWRITTEN_CORRECTION","tilted-baseline","CENTER_LEFT","mu","mu","","","","","29954","false","false","false","false","0.0","0.0","0.0","0.0","TIMEOUT","TIMEOUT","failures/probability_statistics-015.png",""
"probability_statistics-016","PROBABILITY_STATISTICS","population variance","MEDIUM","MIXED_CASE","overlap-and-correction","CENTER","sigma^2","sigma^2","\sin \theta^{2}","sintheta^(2)","\sin \theta^{2}","0.8382147","3750","false","false","true","true","0.5","1.0","1.0","0.796910734772682","WRONG_SYMBOL","LETTER_CONFUSION","failures/probability_statistics-016.png",""
"probability_statistics-017","PROBABILITY_STATISTICS","normal distribution","MEDIUM","UNUSUAL_STROKE_ORDER","normal-order","CENTER_RIGHT","X~N(mu,sigma^2)","X~N(mu,sigma^2)","2(n_u,Sign^o)","2(n_u,Sign^o)","2(n_u,Sign^o)","0.5356386","3661","false","false","true","true","0.5333333333333333","1.0","1.0","0.791781928539276","WRONG_SYMBOL","LETTER_CONFUSION|LOW_CONFIDENCE","failures/probability_statistics-017.png","Low-confidence interpretation; choose an alternative or edit before insertion."
"probability_statistics-018","PROBABILITY_STATISTICS","cumulative probability","MEDIUM","SLIGHTLY_SHAKY","reverse-symbol-strokes","BOTTOM_LEFT","P(X<=5)","P(X<=5)","(<=5)","(<=5)","(<=5)","0.8883806","2722","false","false","true","true","0.7142857142857143","1.0","1.0","0.8637047436407633","WRONG_SYMBOL","LETTER_CONFUSION","failures/probability_statistics-018.png",""
"probability_statistics-019","PROBABILITY_STATISTICS","expectation","MEDIUM","CLEAN_STUDENT","delayed-superscript","BOTTOM_CENTER","E(X)=sum xP(x)","E(X)=sum xP(x)","()=SUM XCX)","()=SUMXCX)","()=SUM XCX)","0.914136","3183","false","false","true","true","0.6923076923076923","1.0","1.0","0.858399107318658","WRONG_SYMBOL","LETTER_CONFUSION","failures/probability_statistics-019.png",""
"probability_statistics-020","PROBABILITY_STATISTICS","variance identity","MEDIUM","FAST_CLASSROOM","fraction-bar-first","BOTTOM_RIGHT","Var(X)=E(X^2)-E(X)^2","Var(X)=E(X^2)-E(X)^2","a_{r}()=(^{2})-()^{2}","a_r()=(^(2))-()^(2)","a_{r}()=(^{2})-()^{2}","0.82627934","4190","false","false","true","true","0.65","1.0","1.0","0.8413139671087265","WRONG_SYMBOL","LETTER_CONFUSION","failures/probability_statistics-020.png",""
"probability_statistics-021","PROBABILITY_STATISTICS","addition rule","MEDIUM","SMALL_COMPACT","fraction-bar-last","NEAR_BOUNDARY","P(A union B)=P(A)+P(B)-P(A intersect B)","P(A union B)=P(A)+P(B)-P(A intersect B)","(union=)+)-(intersect)","(union=)+)-(intersect)","(union=)+)-(intersect)","0.4854","3176","false","false","true","true","0.6285714285714286","1.0","1.0","0.8178414281351226","WRONG_SYMBOL","LETTER_CONFUSION|LOW_CONFIDENCE","failures/probability_statistics-021.png","Low-confidence interpretation; choose an alternative or edit before insertion."
"probability_statistics-022","PROBABILITY_STATISTICS","conditional identity","MEDIUM","LARGE_BOARD","uneven-spacing","NEAR_TOOLBAR","P(A","P(A","","","","","28235","false","false","false","false","0.0","0.0","0.0","0.0","TIMEOUT","TIMEOUT","failures/probability_statistics-022.png",""
"probability_statistics-023","PROBABILITY_STATISTICS","independence","HARD","RIGHT_SLANTED","tilted-baseline","TOP_LEFT","P(A intersect B)=P(A)P(B)","P(A intersect B)=P(A)P(B)","","","","","27680","false","false","false","false","0.0","0.0","0.0","0.0","TIMEOUT","TIMEOUT","failures/probability_statistics-023.png",""
"probability_statistics-024","PROBABILITY_STATISTICS","factorial","HARD","LEFT_SLANTED","overlap-and-correction","TOP_CENTER","n!=n(n-1)!","n!=n(n-1)!","n!=n(n-1)!","n!=n(n-1)!","n!=n(n-1)!","0.8961","3536","true","true","true","true","1.0","1.0","1.0","0.9948049992322923","PASS","","rendered-inputs",""
"probability_statistics-025","PROBABILITY_STATISTICS","combination formula","HARD","UNEVEN_BASELINE","normal-order","TOP_RIGHT","C(n,r)=n!/(r!(n-r)!)","C(n,r)=n!/(r!(n-r)!)","c(n,n)=n!/(n!(n-n)!)","c(n,n)=n!/(n!(n-n)!)","c(n,n)=n!/(n!(n-n)!)","0.89402807","5175","false","false","true","true","0.85","1.0","1.0","0.9080764033794402","PARTIAL","LETTER_CONFUSION","failures/probability_statistics-025.png",""
"probability_statistics-026","PROBABILITY_STATISTICS","z score","HARD","VARIABLE_SPACING","reverse-symbol-strokes","CENTER_LEFT","z=(x-mu)/sigma","z=(x-mu)/sigma","z=(x-mu)/signa","z=(x-mu)/signa","z=(x-mu)/signa","0.728729","3586","false","false","true","true","0.9285714285714286","1.0","1.0","0.9334007361957004","PARTIAL","LETTER_CONFUSION","failures/probability_statistics-026.png",""
"probability_statistics-027","PROBABILITY_STATISTICS","sample mean","HARD","HEAVY_PRESSURE","delayed-superscript","CENTER","xbar=sum_i x_i/n","xbar=sum_i x_i/n","XDor=sumixin","XDor=sumixin","XDor=sumixin","0.53325","4028","false","false","false","false","0.6666666666666667","0.5","0.0","0.46166249871253967","WRONG_LAYOUT","LETTER_CONFUSION|SUBSCRIPT_MISSED|FRACTION_MISREAD|LOW_CONFIDENCE","failures/probability_statistics-027.png","Low-confidence interpretation; choose an alternative or edit before insertion."
"probability_statistics-028","PROBABILITY_STATISTICS","sample variance","HARD","LIGHT_BROKEN","fraction-bar-first","CENTER_RIGHT","s^2=sum(x_i-xbar)^2/(n-1)","s^2=sum(x_i-xbar)^2/(n-1)","S^2=S\cup M(X \cap-X \cap \cap \cap)^{2}/(n-1)","S^2=S\cupM(X\cap-X\cap\cap\cap)^(2)/(n-1)","S^2=S\cup M(X \cap-X \cap \cap \cap)^{2}/(n-1)","0.8614604","7667","false","false","false","false","0.5384615384615384","0.6","0.6666666666666666","0.5865986604109789","WRONG_LAYOUT","LETTER_CONFUSION|SUBSCRIPT_MISSED|FRACTION_MISREAD","failures/probability_statistics-028.png",""
"probability_statistics-029","PROBABILITY_STATISTICS","correlation","HARD","ROUNDED","fraction-bar-last","BOTTOM_LEFT","r=cov(X,Y)/(sigma_X sigma_Y)","r=cov(X,Y)/(sigma_X sigma_Y)","r=col,),(Sigma signa","r=col,),(Sigmasigna","r=col,),(Sigma signa","0.439","5935","false","false","false","false","0.5925925925925926","0.3333333333333333","0.0","0.3752833338578542","WRONG_STRUCTURE","LETTER_CONFUSION|SUBSCRIPT_MISSED|FRACTION_MISREAD|LOW_CONFIDENCE","failures/probability_statistics-029.png","Low-confidence interpretation; choose an alternative or edit before insertion."
"probability_statistics-030","PROBABILITY_STATISTICS","regression","HARD","ANGULAR","uneven-spacing","BOTTOM_CENTER","yhat=a+bx","yhat=a+bx","y=a","y=a","y=a","0.39299998","2573","false","false","true","true","0.33333333333333337","1.0","1.0","0.72464999884367","WRONG_SYMBOL","LETTER_CONFUSION|LOW_CONFIDENCE","failures/probability_statistics-030.png","Low-confidence interpretation; choose an alternative or edit before insertion."
"probability_statistics-031","PROBABILITY_STATISTICS","frequency table","HARD","CROWDED","tilted-baseline","BOTTOM_RIGHT","table:[[x,f],[1,3],[2,5]]","table:[[x,f],[1,3],[2,5]]","","","","","27665","false","false","false","false","0.0","0.0","0.0","0.0","TIMEOUT","TIMEOUT","failures/probability_statistics-031.png",""
"probability_statistics-032","PROBABILITY_STATISTICS","bar graph","HARD","WIDELY_SPACED","overlap-and-correction","NEAR_BOUNDARY","bargraph:A=3,B=5,C=2","bargraph:A=3,B=5,C=2","dergropn:=3,=5,6=2","dergropn:=3,=5,6=2","dergropn:=3,=5,6=2","0.439","5868","false","false","true","true","0.65","1.0","1.0","0.8219500005245209","WRONG_SYMBOL","DIGIT_CONFUSION|LETTER_CONFUSION|LOW_CONFIDENCE","failures/probability_statistics-032.png","Low-confidence interpretation; choose an alternative or edit before insertion."
"probability_statistics-033","PROBABILITY_STATISTICS","histogram","HARD","OVERWRITTEN_CORRECTION","normal-order","NEAR_TOOLBAR","histogram:0-10:4,10-20:7","histogram:0-10:4,10-20:7","n:5+0.9+0.0:0.0:4","n:5+0.9+0.0:0.0:4","n:5+0.9+0.0:0.0:4","0.665703","5340","false","false","true","true","0.25","1.0","1.0","0.7132851499319076","WRONG_SYMBOL","DIGIT_CONFUSION|LETTER_CONFUSION","failures/probability_statistics-033.png",""
"probability_statistics-034","PROBABILITY_STATISTICS","pie chart","HARD","MIXED_CASE","reverse-symbol-strokes","TOP_LEFT","pie:A=40%,B=35%,C=25%","pie:A=40%,B=35%,C=25%","p_{i}e_{i}=40,=35,c=25","p_ie_i=40,=35,c=25","p_{i}e_{i}=40,=35,c=25","0.8036719","5199","false","false","true","true","0.6666666666666667","1.0","1.0","0.8451835948228835","WRONG_SYMBOL","LETTER_CONFUSION","failures/probability_statistics-034.png",""
"probability_statistics-035","PROBABILITY_STATISTICS","box plot","EXTREME","UNUSUAL_STROKE_ORDER","delayed-superscript","TOP_CENTER","boxplot:min,Q1,median,Q3,max","boxplot:min,Q1,median,Q3,max","","","","","26747","false","false","false","false","0.0","0.0","0.0","0.0","TIMEOUT","TIMEOUT","failures/probability_statistics-035.png",""
"probability_statistics-036","PROBABILITY_STATISTICS","standard normal","EXTREME","SLIGHTLY_SHAKY","fraction-bar-first","TOP_RIGHT","N(0,1)","N(0,1)","(0,1)","(0,1)","(0,1)","1.0","2813","false","false","true","true","0.8333333333333334","1.0","1.0","0.90625","PARTIAL","LETTER_CONFUSION","failures/probability_statistics-036.png",""
"probability_statistics-037","PROBABILITY_STATISTICS","interval probability","EXTREME","CLEAN_STUDENT","fraction-bar-last","CENTER_LEFT","P(0<X<1)","P(0<X<1)","(0<<1)","(0<<1)","(0<<1)","0.88137406","2834","false","false","true","true","0.75","1.0","1.0","0.8740687030553816","PARTIAL","LETTER_CONFUSION","failures/probability_statistics-037.png",""
"probability_statistics-038","PROBABILITY_STATISTICS","conditional distinction","EXTREME","FAST_CLASSROOM","uneven-spacing","CENTER","P(A","P(A","(","(","(","0.53325","2220","false","false","false","true","0.33333333333333337","0.0","1.0","0.3691624987125397","WRONG_STRUCTURE","LETTER_CONFUSION|LOW_CONFIDENCE","failures/probability_statistics-038.png","Image pass unavailable; result uses digital ink and parser evidence.; Low-confidence interpretation; choose an alternative or edit before insertion."
"probability_statistics-039","PROBABILITY_STATISTICS","union-U ambiguity","EXTREME","SMALL_COMPACT","tilted-baseline","CENTER_RIGHT","P(A union B)","P(A union B)","(union)","(union)","(union)","0.45639998","3981","false","false","true","true","0.7","1.0","1.0","0.8378199988603592","WRONG_SYMBOL","LETTER_CONFUSION|LOW_CONFIDENCE","failures/probability_statistics-039.png","Low-confidence interpretation; choose an alternative or edit before insertion."
"probability_statistics-040","PROBABILITY_STATISTICS","symbol ambiguity","EXTREME","LARGE_BOARD","overlap-and-correction","BOTTOM_LEFT","sigma 6 mu u","sigma 6 mu u","b","b","b","0.39299998","2327","false","false","true","true","0.0","1.0","1.0","0.6246499988436699","WRONG_SYMBOL","DIGIT_CONFUSION|LETTER_CONFUSION|LOW_CONFIDENCE","failures/probability_statistics-040.png","Low-confidence interpretation; choose an alternative or edit before insertion."
"sets_logic-001","SETS_LOGIC","set literal","EASY","CLEAN_STUDENT","normal-order","TOP_LEFT","A={1,2,3}","A={1,2,3}","= \left \{ 1,2,3 \right \}","=\(1,2,3\)","= \left \{ 1,2,3 \right \}","0.8906376","3805","false","false","true","true","0.7","1.0","1.0","0.8595318788290023","WRONG_SYMBOL","LETTER_CONFUSION","failures/sets_logic-001.png",""
"sets_logic-002","SETS_LOGIC","membership","EASY","FAST_CLASSROOM","reverse-symbol-strokes","TOP_CENTER","x in A","x in A","","","","","27649","false","false","false","false","0.0","0.0","0.0","0.0","TIMEOUT","TIMEOUT","failures/sets_logic-002.png",""
"sets_logic-003","SETS_LOGIC","non-membership","EASY","SMALL_COMPACT","delayed-superscript","TOP_RIGHT","x notin A","x notin A","x_{n0}+in","x_n0+in","x_{n0}+in","0.881478","3638","false","false","true","true","0.4285714285714286","1.0","1.0","0.7776453291518347","WRONG_SYMBOL","LETTER_CONFUSION","failures/sets_logic-003.png",""
"sets_logic-004","SETS_LOGIC","subset","EASY","LARGE_BOARD","fraction-bar-first","CENTER_LEFT","A subseteq B","A subseteq B","\sin \theta+ \theta","sintheta+theta","\sin \theta+ \theta","0.7040221","3568","false","false","true","true","0.2142857142857143","1.0","1.0","0.70448681976114","WRONG_SYMBOL","LETTER_CONFUSION","failures/sets_logic-004.png",""
"sets_logic-005","SETS_LOGIC","proper subset","EASY","RIGHT_SLANTED","fraction-bar-last","CENTER","A subset B","A subset B","subset","subset","subset","0.94269717","2674","false","false","true","true","0.75","1.0","1.0","0.8771348583698271","PARTIAL","LETTER_CONFUSION","failures/sets_logic-005.png",""
"sets_logic-006","SETS_LOGIC","union","EASY","LEFT_SLANTED","uneven-spacing","CENTER_RIGHT","A union B","A union B","union","union","union","0.84580004","3882","false","false","true","true","0.7142857142857143","1.0","1.0","0.8615757163933344","WRONG_SYMBOL","LETTER_CONFUSION","failures/sets_logic-006.png",""
"sets_logic-007","SETS_LOGIC","intersection","EASY","UNEVEN_BASELINE","tilted-baseline","BOTTOM_LEFT","A intersect B","A intersect B","intect","intect","intect","0.5562687","2764","false","false","true","true","0.5454545454545454","1.0","1.0","0.7964497982371936","WRONG_SYMBOL","LETTER_CONFUSION","failures/sets_logic-007.png","Low-confidence interpretation; choose an alternative or edit before insertion."
"sets_logic-008","SETS_LOGIC","difference","EASY","VARIABLE_SPACING","overlap-and-correction","BOTTOM_CENTER","A-B","A-B","-","-","-","0.439","2772","false","false","true","true","0.33333333333333337","1.0","1.0","0.726950000524521","WRONG_SYMBOL","LETTER_CONFUSION|LOW_CONFIDENCE","failures/sets_logic-008.png","Image pass unavailable; result uses digital ink and parser evidence.; Low-confidence interpretation; choose an alternative or edit before insertion."
"sets_logic-009","SETS_LOGIC","complement","EASY","HEAVY_PRESSURE","normal-order","BOTTOM_RIGHT","A^c","A^c","\sum_{i=1}^{m}","\sum_i=1^(m)","\sum_{i=1}^{m}","0.7035824","3674","false","false","true","true","0.09999999999999998","1.0","1.0","0.6701791203022003","WRONG_SYMBOL","LETTER_CONFUSION","failures/sets_logic-009.png",""
"sets_logic-010","SETS_LOGIC","empty set","EASY","LIGHT_BROKEN","reverse-symbol-strokes","NEAR_BOUNDARY","emptyset","emptyset","emp+yse+","emp+yse+","emp+yse+","0.6988742","3143","false","false","true","true","0.75","1.0","1.0","0.8649437087774275","PARTIAL","LETTER_CONFUSION","failures/sets_logic-010.png",""
"sets_logic-011","SETS_LOGIC","universal quantifier","MEDIUM","ROUNDED","delayed-superscript","NEAR_TOOLBAR","forall x","forall x","dot\times","dot*","dot\times","0.42427224","2904","false","false","true","true","0.1428571428571429","1.0","1.0","0.669070754817554","WRONG_SYMBOL","LETTER_CONFUSION|LOW_CONFIDENCE","failures/sets_logic-011.png","Low-confidence interpretation; choose an alternative or edit before insertion."
"sets_logic-012","SETS_LOGIC","existential quantifier","MEDIUM","ANGULAR","fraction-bar-first","TOP_LEFT","exists x","exists x","exit is+sxx","exitis+sxx","exit is+sxx","0.6777741","3391","false","false","true","true","0.6","1.0","1.0","0.8188887035846709","WRONG_SYMBOL","LETTER_CONFUSION","failures/sets_logic-012.png",""
"sets_logic-013","SETS_LOGIC","implication","MEDIUM","CROWDED","fraction-bar-last","TOP_CENTER","p -> q","p -> q","p->","p->","p->","0.439","2979","false","false","true","true","0.75","1.0","1.0","0.8519500005245207","PARTIAL","LETTER_CONFUSION|LOW_CONFIDENCE","failures/sets_logic-013.png","Image pass unavailable; result uses digital ink and parser evidence.; Low-confidence interpretation; choose an alternative or edit before insertion."
"sets_logic-014","SETS_LOGIC","equivalence","MEDIUM","WIDELY_SPACED","uneven-spacing","TOP_RIGHT","p <-> q","p <-> q","P<->","P<->","P<->","0.5608","2711","false","false","true","true","0.8","1.0","1.0","0.873040000796318","PARTIAL","LETTER_CONFUSION","failures/sets_logic-014.png","Low-confidence interpretation; choose an alternative or edit before insertion."
"sets_logic-015","SETS_LOGIC","conjunction","MEDIUM","OVERWRITTEN_CORRECTION","tilted-baseline","CENTER_LEFT","p and q","p and q","","","","","27450","false","false","false","false","0.0","0.0","0.0","0.0","TIMEOUT","TIMEOUT","failures/sets_logic-015.png",""
"sets_logic-016","SETS_LOGIC","disjunction","MEDIUM","MIXED_CASE","overlap-and-correction","CENTER","p or q","p or q","\[___\]beginfrac{O} \geq 0.0pt","\[___\]beginfrac(O)>=0.0pt","\[___\]beginfrac{O} \geq 0.0pt","0.54402643","5420","false","false","true","true","0.038461538461538436","1.0","1.0","0.6437397832595384","WRONG_SYMBOL","LETTER_CONFUSION|LOW_CONFIDENCE","failures/sets_logic-016.png","Low-confidence interpretation; choose an alternative or edit before insertion."
"sets_logic-017","SETS_LOGIC","negation","MEDIUM","UNUSUAL_STROKE_ORDER","normal-order","CENTER_RIGHT","not p","not p","not p","notp","not p","0.7116","4057","true","true","true","true","1.0","1.0","1.0","0.985580000281334","PASS","","rendered-inputs","Image pass unavailable; result uses digital ink and parser evidence."
"sets_logic-018","SETS_LOGIC","universal set","MEDIUM","SLIGHTLY_SHAKY","reverse-symbol-strokes","BOTTOM_LEFT","A subseteq U","A subseteq U","S\cup S\cup S","S\cupS\cupS","S\cup S\cup S","0.711183","3449","false","false","true","true","0.18181818181818177","1.0","1.0","0.695104605122046","WRONG_SYMBOL","LETTER_CONFUSION","failures/sets_logic-018.png",""
"sets_logic-019","SETS_LOGIC","function mapping","MEDIUM","CLEAN_STUDENT","delayed-superscript","BOTTOM_CENTER","f:A->B","f:A->B","f:->","f:->","f:->","0.9098502","2351","false","false","true","true","0.6666666666666667","1.0","1.0","0.8504925090074539","WRONG_SYMBOL","LETTER_CONFUSION","failures/sets_logic-019.png",""
"sets_logic-020","SETS_LOGIC","relation","MEDIUM","FAST_CLASSROOM","fraction-bar-first","BOTTOM_RIGHT","R subseteq A cross B","R subseteq A cross B","subsete cross","subsetecross","subsete cross","0.6362","3798","false","false","true","true","0.75","1.0","1.0","0.8618100005388258","PARTIAL","LETTER_CONFUSION","failures/sets_logic-020.png","Low-confidence interpretation; choose an alternative or edit before insertion."
"sets_logic-021","SETS_LOGIC","set builder","MEDIUM","SMALL_COMPACT","fraction-bar-last","NEAR_BOUNDARY","{x in R:x>0}","{x in R:x>0}","X in:X>0","Xin:X>0","X in:X>0","0.78352004","3788","false","false","true","true","0.7","1.0","1.0","0.8541760021448135","WRONG_SYMBOL","LETTER_CONFUSION","failures/sets_logic-021.png",""
"sets_logic-022","SETS_LOGIC","symmetric difference","MEDIUM","LARGE_BOARD","uneven-spacing","NEAR_TOOLBAR","A symmetric_difference B","A symmetric_difference B","","","","","27324","false","false","false","false","0.0","0.0","0.0","0.0","TIMEOUT","TIMEOUT","failures/sets_logic-022.png",""
"sets_logic-023","SETS_LOGIC","cardinality","HARD","RIGHT_SLANTED","tilted-baseline","TOP_LEFT","card(A)=n","card(A)=n","\cos \alpha()=n","cos\alpha()=n","\cos \alpha()=n","0.8906105","3584","false","false","true","true","0.46153846153846156","1.0","1.0","0.7879920642651044","WRONG_SYMBOL","LETTER_CONFUSION","failures/sets_logic-023.png",""
"sets_logic-024","SETS_LOGIC","power set","HARD","LEFT_SLANTED","overlap-and-correction","TOP_CENTER","P(A)","P(A)","()","()","()","0.7116","3018","false","false","true","true","0.5","1.0","1.0","0.7905800002813338","WRONG_SYMBOL","LETTER_CONFUSION","failures/sets_logic-024.png","Image pass unavailable; result uses digital ink and parser evidence."
"sets_logic-025","SETS_LOGIC","set identity","HARD","UNEVEN_BASELINE","normal-order","TOP_RIGHT","A intersect emptyset=emptyset","A intersect emptyset=emptyset","","","","","12622","false","false","false","false","0.0","0.0","0.0","0.0","TIMEOUT","TIMEOUT","failures/sets_logic-025.png",""
"sets_logic-026","SETS_LOGIC","set identity","HARD","VARIABLE_SPACING","reverse-symbol-strokes","CENTER_LEFT","A union emptyset=A","A union emptyset=A","","","","","28086","false","false","false","false","0.0","0.0","0.0","0.0","TIMEOUT","TIMEOUT","failures/sets_logic-026.png",""
"sets_logic-027","SETS_LOGIC","set identity","HARD","HEAVY_PRESSURE","delayed-superscript","CENTER","A intersect U=A","A intersect U=A","intersect=","intersect=","intersect=","0.724","3272","false","false","true","true","0.7692307692307692","1.0","1.0","0.8719692296248214","PARTIAL","LETTER_CONFUSION","failures/sets_logic-027.png",""
"sets_logic-028","SETS_LOGIC","set identity","HARD","LIGHT_BROKEN","fraction-bar-first","CENTER_RIGHT","A union U=U","A union U=U","union=","union=","union=","0.4854","3440","false","false","true","true","0.6666666666666667","1.0","1.0","0.829269999563694","WRONG_SYMBOL","LETTER_CONFUSION|LOW_CONFIDENCE","failures/sets_logic-028.png","Low-confidence interpretation; choose an alternative or edit before insertion."
"sets_logic-029","SETS_LOGIC","De Morgan","HARD","ROUNDED","fraction-bar-last","BOTTOM_LEFT","(A union B)^c=A^c intersect B^c","(A union B)^c=A^c intersect B^c","(u \cap(0 \cap)^c=c) \cap( \theta \cap( \phi \theta \cap(c+c)))","(u\cap(0\cap)^c=c)\cap(theta\cap(phitheta\cap(c+c)))","(u \cap(0 \cap)^c=c) \cap( \theta \cap( \phi \theta \cap(c+c)))","0.69493246","8359","false","false","false","true","0.23076923076923073","0.6666666666666666","1.0","0.5739773922700148","WRONG_SYMBOL","LETTER_CONFUSION","failures/sets_logic-029.png",""
"sets_logic-030","SETS_LOGIC","De Morgan","HARD","ANGULAR","uneven-spacing","BOTTOM_CENTER","(A intersect B)^c=A^c union B^c","(A intersect B)^c=A^c union B^c","","","","","27698","false","false","false","false","0.0","0.0","0.0","0.0","TIMEOUT","TIMEOUT","failures/sets_logic-030.png",""
"sets_logic-031","SETS_LOGIC","Venn diagram","HARD","CROWDED","tilted-baseline","BOTTOM_RIGHT","venn:A","venn:A","enn:","enn:","enn:","0.9323216","2684","false","false","true","true","0.6666666666666667","1.0","1.0","0.8516160804033279","WRONG_SYMBOL","LETTER_CONFUSION","failures/sets_logic-031.png",""
"sets_logic-032","SETS_LOGIC","Venn diagram","HARD","WIDELY_SPACED","overlap-and-correction","NEAR_BOUNDARY","venn:A,B disjoint","venn:A,B disjoint","","","","","26407","false","false","false","false","0.0","0.0","0.0","0.0","TIMEOUT","TIMEOUT","failures/sets_logic-032.png",""
"sets_logic-033","SETS_LOGIC","Venn diagram","HARD","OVERWRITTEN_CORRECTION","normal-order","NEAR_TOOLBAR","venn:A intersect B","venn:A intersect B","enni intersect","enniintersect","enni intersect","0.439","2915","false","false","true","true","0.75","1.0","1.0","0.8519500005245207","PARTIAL","LETTER_CONFUSION|LOW_CONFIDENCE","failures/sets_logic-033.png","Low-confidence interpretation; choose an alternative or edit before insertion."
"sets_logic-034","SETS_LOGIC","Venn diagram","HARD","MIXED_CASE","reverse-symbol-strokes","TOP_LEFT","venn:A union B","venn:A union B","","","","","28030","false","false","false","false","0.0","0.0","0.0","0.0","TIMEOUT","TIMEOUT","failures/sets_logic-034.png",""
"sets_logic-035","SETS_LOGIC","Venn diagram","EXTREME","UNUSUAL_STROKE_ORDER","delayed-superscript","TOP_CENTER","venn:A subset B","venn:A subset B","","","","","28200","false","false","false","false","0.0","0.0","0.0","0.0","TIMEOUT","TIMEOUT","failures/sets_logic-035.png",""
"sets_logic-036","SETS_LOGIC","Venn diagram","EXTREME","SLIGHTLY_SHAKY","fraction-bar-first","TOP_RIGHT","venn:A,B,C","venn:A,B,C","eMM;,,c","eMM;,,c","eMM;,,c","0.439","4582","false","false","true","true","0.4","1.0","1.0","0.7469500005245209","WRONG_SYMBOL","LETTER_CONFUSION|LOW_CONFIDENCE","failures/sets_logic-036.png","Image pass unavailable; result uses digital ink and parser evidence.; Low-confidence interpretation; choose an alternative or edit before insertion."
"sets_logic-037","SETS_LOGIC","Venn diagram","EXTREME","CLEAN_STUDENT","fraction-bar-last","CENTER_LEFT","venn:(A union B)^c","venn:(A union B)^c","ennicunions^c","ennicunions^c","ennicunions^c","0.68125","5106","false","false","true","true","0.625","1.0","1.0","0.8265624988079071","WRONG_SYMBOL","LETTER_CONFUSION","failures/sets_logic-037.png","Low-confidence interpretation; choose an alternative or edit before insertion."
"sets_logic-038","SETS_LOGIC","Venn diagram","EXTREME","FAST_CLASSROOM","uneven-spacing","CENTER","venn:A-B","venn:A-B","enn:-","enn:-","enn:-","1.0","2867","false","false","true","true","0.625","1.0","1.0","0.8425","WRONG_SYMBOL","LETTER_CONFUSION","failures/sets_logic-038.png",""
"sets_logic-039","SETS_LOGIC","Venn diagram","EXTREME","SMALL_COMPACT","tilted-baseline","CENTER_RIGHT","venn:A intersect B intersect C","venn:A intersect B intersect C","enni intersect intersect c","enniintersectintersectc","enni intersect intersect c","0.5608","3779","false","false","true","true","0.8461538461538461","1.0","1.0","0.8897707700270873","PARTIAL","LETTER_CONFUSION","failures/sets_logic-039.png","Low-confidence interpretation; choose an alternative or edit before insertion."
"sets_logic-040","SETS_LOGIC","truth table","EXTREME","LARGE_BOARD","overlap-and-correction","BOTTOM_LEFT","truth:[[p,q,p->q],[T,T,T],[T,F,F]]","truth:[[p,q,p->q],[T,T,T],[T,F,F]]","+ru+h \cdot[[ \beta,, \beta->],[ \cdot,, ],[ \cdot,, ]]","+ru+h*[[\beta,,\beta->],[*,,],[*,,]]","+ru+h \cdot[[ \beta,, \beta->],[ \cdot,, ],[ \cdot,, ]]","0.7632438","7694","false","false","true","true","0.41666666666666663","1.0","1.0","0.7681621897220612","WRONG_SYMBOL","LETTER_CONFUSION","failures/sets_logic-040.png",""
